No.,FREQ,NAME(全角28文字/半角14文字以内),MODE,BANK,SKIP,STEP,OFFSET,SHIFT_FREQ,ATT,SQ_TYPE,CTCSS,DCS,REV_EC,REV_FREQ,UC,GC,EC,WC,T61_LON,T61_LAT,DMR_SLOT,DMR_CC,DMR_GC,DSTAR_CS,C4FM_DG,LON,LAT
000,466.350000,消防署活系01ch,NFM,A,OFF,125k,OFF,0.000000,OFF,OFF,670,017,OFF,2500,OFF,ALL,OFF,AUTO,123,23,AUTO,OFF,ALL,OFF,OFF,0.000000,0.000000
001,466.362500,消防署活系02ch,NFM,A,OFF,125k,OFF,0.000000,OFF,OFF,670,017,OFF,2500,OFF,ALL,OFF,AUTO,123,23,AUTO,OFF,ALL,OFF,OFF,0.000000,0.000000
002,466.375000,消防署活系03ch,NFM,A,OFF,125k,OFF,0.000000,OFF,OFF,670,017,OFF,2500,OFF,ALL,OFF,AUTO,123,23,AUTO,OFF,ALL,OFF,OFF,0.000000,0.000000
003,466.387500,消防署活系04ch,NFM,A,OFF,125k,OFF,0.000000,OFF,OFF,670,017,OFF,2500,OFF,ALL,OFF,AUTO,123,23,AUTO,OFF,ALL,OFF,OFF,0.000000,0.000000
004,466.400000,消防署活系05ch,NFM,A,OFF,125k,OFF,0.000000,OFF,OFF,670,017,OFF,2500,OFF,ALL,OFF,AUTO,123,23,AUTO,OFF,ALL,OFF,OFF,0.000000,0.000000
005,466.412500,消防署活系06ch,NFM,A,OFF,125k,OFF,0.000000,OFF,OFF,670,017,OFF,2500,OFF,ALL,OFF,AUTO,123,23,AUTO,OFF,ALL,OFF,OFF,0.000000,0.000000
006,466.425000,消防署活系07ch,NFM,A,OFF,125k,OFF,0.000000,OFF,OFF,670,017,OFF,2500,OFF,ALL,OFF,AUTO,123,23,AUTO,OFF,ALL,OFF,OFF,0.000000,0.000000
007,466.437500,消防署活系08ch,NFM,A,OFF,125k,OFF,0.000000,OFF,OFF,670,017,OFF,2500,OFF,ALL,OFF,AUTO,123,23,AUTO,OFF,ALL,OFF,OFF,0.000000,0.000000
008,466.450000,消防署活系09ch,NFM,A,OFF,125k,OFF,0.000000,OFF,OFF,670,017,OFF,2500,OFF,ALL,OFF,AUTO,123,23,AUTO,OFF,ALL,OFF,OFF,0.000000,0.000000
009,466.462500,消防署活系10ch,NFM,A,OFF,125k,OFF,0.000000,OFF,OFF,670,017,OFF,2500,OFF,ALL,OFF,AUTO,123,23,AUTO,OFF,ALL,OFF,OFF,0.000000,0.000000
010,466.475000,消防署活系11ch,NFM,A,OFF,125k,OFF,0.000000,OFF,OFF,670,017,OFF,2500,OFF,ALL,OFF,AUTO,123,23,AUTO,OFF,ALL,OFF,OFF,0.000000,0.000000
011,466.487500,消防署活系12ch,NFM,A,OFF,125k,OFF,0.000000,OFF,OFF,670,017,OFF,2500,OFF,ALL,OFF,AUTO,123,23,AUTO,OFF,ALL,OFF,OFF,0.000000,0.000000
012,466.500000,消防署活系13ch,NFM,A,OFF,125k,OFF,0.000000,OFF,OFF,670,017,OFF,2500,OFF,ALL,OFF,AUTO,123,23,AUTO,OFF,ALL,OFF,OFF,0.000000,0.000000
013,466.512500,消防署活系14ch,NFM,A,OFF,125k,OFF,0.000000,OFF,OFF,670,017,OFF,2500,OFF,ALL,OFF,AUTO,123,23,AUTO,OFF,ALL,OFF,OFF,0.000000,0.000000
014,466.525000,消防署活系15ch,NFM,A,OFF,125k,OFF,0.000000,OFF,OFF,670,017,OFF,2500,OFF,ALL,OFF,AUTO,123,23,AUTO,OFF,ALL,OFF,OFF,0.000000,0.000000
015,466.537500,消防署活系16ch,NFM,A,OFF,125k,OFF,0.000000,OFF,OFF,670,017,OFF,2500,OFF,ALL,OFF,AUTO,123,23,AUTO,OFF,ALL,OFF,OFF,0.000000,0.000000
016,466.550000,消防署活系17ch,NFM,A,OFF,125k,OFF,0.000000,OFF,OFF,670,017,OFF,2500,OFF,ALL,OFF,AUTO,123,23,AUTO,OFF,ALL,OFF,OFF,0.000000,0.000000
017,466.775000,防災相互連絡波,NFM,A,OFF,125k,OFF,0.000000,OFF,OFF,670,017,OFF,2500,OFF,ALL,OFF,AUTO,123,23,AUTO,OFF,ALL,OFF,OFF,0.000000,0.000000
018,158.350000,防災相互連絡波,NFM,A,OFF,125k,OFF,0.000000,OFF,OFF,670,017,OFF,2500,OFF,ALL,OFF,AUTO,123,23,AUTO,OFF,ALL,OFF,OFF,0.000000,0.000000
019,31.010000,消防艇専用波,FM,A,OFF,25k,OFF,0.000000,OFF,OFF,670,017,OFF,2500,OFF,ALL,OFF,AUTO,123,23,AUTO,OFF,ALL,OFF,OFF,0.000000,0.000000
020,61.040000,東京消防庁/消防放送,FM,A,OFF,25k,OFF,0.000000,OFF,OFF,670,017,OFF,2500,OFF,ALL,OFF,AUTO,123,23,AUTO,OFF,ALL,OFF,OFF,0.000000,0.000000
021,467.000000,ﾃﾞｼﾞﾀﾙ簡易無線3B_01ch,T98,B,OFF,6k25,OFF,0.000000,OFF,OFF,670,017,OFF,2500,OFF,ALL,OFF,228,123,23,AUTO,OFF,ALL,OFF,OFF,0.000000,0.000000
022,467.006250,ﾃﾞｼﾞﾀﾙ簡易無線3B_02ch,T98,B,OFF,6k25,OFF,0.000000,OFF,OFF,670,017,OFF,2500,OFF,ALL,OFF,228,123,23,AUTO,OFF,ALL,OFF,OFF,0.000000,0.000000
023,467.012500,ﾃﾞｼﾞﾀﾙ簡易無線3B_03ch,T98,B,OFF,6k25,OFF,0.000000,OFF,OFF,670,017,OFF,2500,OFF,ALL,OFF,228,123,23,AUTO,OFF,ALL,OFF,OFF,0.000000,0.000000
024,467.018750,ﾃﾞｼﾞﾀﾙ簡易無線3B_04ch,T98,B,OFF,6k25,OFF,0.000000,OFF,OFF,670,017,OFF,2500,OFF,ALL,OFF,228,123,23,AUTO,OFF,ALL,OFF,OFF,0.000000,0.000000
025,467.025000,ﾃﾞｼﾞﾀﾙ簡易無線3B_05ch,T98,B,OFF,6k25,OFF,0.000000,OFF,OFF,670,017,OFF,2500,OFF,ALL,OFF,228,123,23,AUTO,OFF,ALL,OFF,OFF,0.000000,0.000000
026,467.031250,ﾃﾞｼﾞﾀﾙ簡易無線3B_06ch,T98,B,OFF,6k25,OFF,0.000000,OFF,OFF,670,017,OFF,2500,OFF,ALL,OFF,228,123,23,AUTO,OFF,ALL,OFF,OFF,0.000000,0.000000
027,467.037500,ﾃﾞｼﾞﾀﾙ簡易無線3B_07ch,T98,B,OFF,6k25,OFF,0.000000,OFF,OFF,670,017,OFF,2500,OFF,ALL,OFF,228,123,23,AUTO,OFF,ALL,OFF,OFF,0.000000,0.000000
028,467.043750,ﾃﾞｼﾞﾀﾙ簡易無線3B_08ch,T98,B,OFF,6k25,OFF,0.000000,OFF,OFF,670,017,OFF,2500,OFF,ALL,OFF,228,123,23,AUTO,OFF,ALL,OFF,OFF,0.000000,0.000000
029,467.050000,ﾃﾞｼﾞﾀﾙ簡易無線3B_09ch,T98,B,OFF,6k25,OFF,0.000000,OFF,OFF,670,017,OFF,2500,OFF,ALL,OFF,228,123,23,AUTO,OFF,ALL,OFF,OFF,0.000000,0.000000
030,467.056250,ﾃﾞｼﾞﾀﾙ簡易無線3B_10ch,T98,B,OFF,6k25,OFF,0.000000,OFF,OFF,670,017,OFF,2500,OFF,ALL,OFF,228,123,23,AUTO,OFF,ALL,OFF,OFF,0.000000,0.000000
031,467.062500,ﾃﾞｼﾞﾀﾙ簡易無線3B_11ch,T98,B,OFF,6k25,OFF,0.000000,OFF,OFF,670,017,OFF,2500,OFF,ALL,OFF,228,123,23,AUTO,OFF,ALL,OFF,OFF,0.000000,0.000000
032,467.068750,ﾃﾞｼﾞﾀﾙ簡易無線3B_12ch,T98,B,OFF,6k25,OFF,0.000000,OFF,OFF,670,017,OFF,2500,OFF,ALL,OFF,228,123,23,AUTO,OFF,ALL,OFF,OFF,0.000000,0.000000
033,467.075000,ﾃﾞｼﾞﾀﾙ簡易無線3B_13ch,T98,B,OFF,6k25,OFF,0.000000,OFF,OFF,670,017,OFF,2500,OFF,ALL,OFF,228,123,23,AUTO,OFF,ALL,OFF,OFF,0.000000,0.000000
034,467.081250,ﾃﾞｼﾞﾀﾙ簡易無線3B_14ch,T98,B,OFF,6k25,OFF,0.000000,OFF,OFF,670,017,OFF,2500,OFF,ALL,OFF,228,123,23,AUTO,OFF,ALL,OFF,OFF,0.000000,0.000000
035,467.087500,ﾃﾞｼﾞﾀﾙ簡易無線3B_15ch,T98,B,OFF,6k25,OFF,0.000000,OFF,OFF,670,017,OFF,2500,OFF,ALL,OFF,228,123,23,AUTO,OFF,ALL,OFF,OFF,0.000000,0.000000
036,467.093750,ﾃﾞｼﾞﾀﾙ簡易無線3B_16ch,T98,B,OFF,6k25,OFF,0.000000,OFF,OFF,670,017,OFF,2500,OFF,ALL,OFF,228,123,23,AUTO,OFF,ALL,OFF,OFF,0.000000,0.000000
037,467.100000,ﾃﾞｼﾞﾀﾙ簡易無線3B_17ch,T98,B,OFF,6k25,OFF,0.000000,OFF,OFF,670,017,OFF,2500,OFF,ALL,OFF,228,123,23,AUTO,OFF,ALL,OFF,OFF,0.000000,0.000000
038,467.106250,ﾃﾞｼﾞﾀﾙ簡易無線3B_18ch,T98,B,OFF,6k25,OFF,0.000000,OFF,OFF,670,017,OFF,2500,OFF,ALL,OFF,228,123,23,AUTO,OFF,ALL,OFF,OFF,0.000000,0.000000
039,467.112500,ﾃﾞｼﾞﾀﾙ簡易無線3B_19ch,T98,B,OFF,6k25,OFF,0.000000,OFF,OFF,670,017,OFF,2500,OFF,ALL,OFF,228,123,23,AUTO,OFF,ALL,OFF,OFF,0.000000,0.000000
040,467.118750,ﾃﾞｼﾞﾀﾙ簡易無線3B_20ch,T98,B,OFF,6k25,OFF,0.000000,OFF,OFF,670,017,OFF,2500,OFF,ALL,OFF,228,123,23,AUTO,OFF,ALL,OFF,OFF,0.000000,0.000000
041,467.125000,ﾃﾞｼﾞﾀﾙ簡易無線3B_21ch,T98,B,OFF,6k25,OFF,0.000000,OFF,OFF,670,017,OFF,2500,OFF,ALL,OFF,228,123,23,AUTO,OFF,ALL,OFF,OFF,0.000000,0.000000
042,467.131250,ﾃﾞｼﾞﾀﾙ簡易無線3B_22ch,T98,B,OFF,6k25,OFF,0.000000,OFF,OFF,670,017,OFF,2500,OFF,ALL,OFF,228,123,23,AUTO,OFF,ALL,OFF,OFF,0.000000,0.000000
043,467.137500,ﾃﾞｼﾞﾀﾙ簡易無線3B_23ch,T98,B,OFF,6k25,OFF,0.000000,OFF,OFF,670,017,OFF,2500,OFF,ALL,OFF,228,123,23,AUTO,OFF,ALL,OFF,OFF,0.000000,0.000000
044,467.143750,ﾃﾞｼﾞﾀﾙ簡易無線3B_24ch,T98,B,OFF,6k25,OFF,0.000000,OFF,OFF,670,017,OFF,2500,OFF,ALL,OFF,228,123,23,AUTO,OFF,ALL,OFF,OFF,0.000000,0.000000
045,467.150000,ﾃﾞｼﾞﾀﾙ簡易無線3B_25ch,T98,B,OFF,6k25,OFF,0.000000,OFF,OFF,670,017,OFF,2500,OFF,ALL,OFF,228,123,23,AUTO,OFF,ALL,OFF,OFF,0.000000,0.000000
046,467.156250,ﾃﾞｼﾞﾀﾙ簡易無線3B_26ch,T98,B,OFF,6k25,OFF,0.000000,OFF,OFF,670,017,OFF,2500,OFF,ALL,OFF,228,123,23,AUTO,OFF,ALL,OFF,OFF,0.000000,0.000000
047,467.162500,ﾃﾞｼﾞﾀﾙ簡易無線3B_27ch,T98,B,OFF,6k25,OFF,0.000000,OFF,OFF,670,017,OFF,2500,OFF,ALL,OFF,228,123,23,AUTO,OFF,ALL,OFF,OFF,0.000000,0.000000
048,467.168750,ﾃﾞｼﾞﾀﾙ簡易無線3B_28ch,T98,B,OFF,6k25,OFF,0.000000,OFF,OFF,670,017,OFF,2500,OFF,ALL,OFF,228,123,23,AUTO,OFF,ALL,OFF,OFF,0.000000,0.000000
049,467.175000,ﾃﾞｼﾞﾀﾙ簡易無線3B_29ch,T98,B,OFF,6k25,OFF,0.000000,OFF,OFF,670,017,OFF,2500,OFF,ALL,OFF,228,123,23,AUTO,OFF,ALL,OFF,OFF,0.000000,0.000000
050,467.181250,ﾃﾞｼﾞﾀﾙ簡易無線3B_30ch,T98,B,OFF,6k25,OFF,0.000000,OFF,OFF,670,017,OFF,2500,OFF,ALL,OFF,228,123,23,AUTO,OFF,ALL,OFF,OFF,0.000000,0.000000
051,467.187500,ﾃﾞｼﾞﾀﾙ簡易無線3B_31ch,T98,B,OFF,6k25,OFF,0.000000,OFF,OFF,670,017,OFF,2500,OFF,ALL,OFF,228,123,23,AUTO,OFF,ALL,OFF,OFF,0.000000,0.000000
052,467.193750,ﾃﾞｼﾞﾀﾙ簡易無線3B_32ch,T98,B,OFF,6k25,OFF,0.000000,OFF,OFF,670,017,OFF,2500,OFF,ALL,OFF,228,123,23,AUTO,OFF,ALL,OFF,OFF,0.000000,0.000000
053,467.200000,ﾃﾞｼﾞﾀﾙ簡易無線3B_33ch,T98,B,OFF,6k25,OFF,0.000000,OFF,OFF,670,017,OFF,2500,OFF,ALL,OFF,228,123,23,AUTO,OFF,ALL,OFF,OFF,0.000000,0.000000
054,467.206250,ﾃﾞｼﾞﾀﾙ簡易無線3B_34ch,T98,B,OFF,6k25,OFF,0.000000,OFF,OFF,670,017,OFF,2500,OFF,ALL,OFF,228,123,23,AUTO,OFF,ALL,OFF,OFF,0.000000,0.000000
055,467.212500,ﾃﾞｼﾞﾀﾙ簡易無線3B_35ch,T98,B,OFF,6k25,OFF,0.000000,OFF,OFF,670,017,OFF,2500,OFF,ALL,OFF,228,123,23,AUTO,OFF,ALL,OFF,OFF,0.000000,0.000000
056,467.218750,ﾃﾞｼﾞﾀﾙ簡易無線3B_36ch,T98,B,OFF,6k25,OFF,0.000000,OFF,OFF,670,017,OFF,2500,OFF,ALL,OFF,228,123,23,AUTO,OFF,ALL,OFF,OFF,0.000000,0.000000
057,467.225000,ﾃﾞｼﾞﾀﾙ簡易無線3B_37ch,T98,B,OFF,6k25,OFF,0.000000,OFF,OFF,670,017,OFF,2500,OFF,ALL,OFF,228,123,23,AUTO,OFF,ALL,OFF,OFF,0.000000,0.000000
058,467.231250,ﾃﾞｼﾞﾀﾙ簡易無線3B_38ch,T98,B,OFF,6k25,OFF,0.000000,OFF,OFF,670,017,OFF,2500,OFF,ALL,OFF,228,123,23,AUTO,OFF,ALL,OFF,OFF,0.000000,0.000000
059,467.237500,ﾃﾞｼﾞﾀﾙ簡易無線3B_39ch,T98,B,OFF,6k25,OFF,0.000000,OFF,OFF,670,017,OFF,2500,OFF,ALL,OFF,228,123,23,AUTO,OFF,ALL,OFF,OFF,0.000000,0.000000
060,467.243750,ﾃﾞｼﾞﾀﾙ簡易無線3B_40ch,T98,B,OFF,6k25,OFF,0.000000,OFF,OFF,670,017,OFF,2500,OFF,ALL,OFF,228,123,23,AUTO,OFF,ALL,OFF,OFF,0.000000,0.000000
061,467.250000,ﾃﾞｼﾞﾀﾙ簡易無線3B_41ch,T98,B,OFF,6k25,OFF,0.000000,OFF,OFF,670,017,OFF,2500,OFF,ALL,OFF,228,123,23,AUTO,OFF,ALL,OFF,OFF,0.000000,0.000000
062,467.256250,ﾃﾞｼﾞﾀﾙ簡易無線3B_42ch,T98,B,OFF,6k25,OFF,0.000000,OFF,OFF,670,017,OFF,2500,OFF,ALL,OFF,228,123,23,AUTO,OFF,ALL,OFF,OFF,0.000000,0.000000
063,467.262500,ﾃﾞｼﾞﾀﾙ簡易無線3B_43ch,T98,B,OFF,6k25,OFF,0.000000,OFF,OFF,670,017,OFF,2500,OFF,ALL,OFF,228,123,23,AUTO,OFF,ALL,OFF,OFF,0.000000,0.000000
064,467.268750,ﾃﾞｼﾞﾀﾙ簡易無線3B_44ch,T98,B,OFF,6k25,OFF,0.000000,OFF,OFF,670,017,OFF,2500,OFF,ALL,OFF,228,123,23,AUTO,OFF,ALL,OFF,OFF,0.000000,0.000000
065,467.275000,ﾃﾞｼﾞﾀﾙ簡易無線3B_45ch,T98,B,OFF,6k25,OFF,0.000000,OFF,OFF,670,017,OFF,2500,OFF,ALL,OFF,228,123,23,AUTO,OFF,ALL,OFF,OFF,0.000000,0.000000
066,467.281250,ﾃﾞｼﾞﾀﾙ簡易無線3B_46ch,T98,B,OFF,6k25,OFF,0.000000,OFF,OFF,670,017,OFF,2500,OFF,ALL,OFF,228,123,23,AUTO,OFF,ALL,OFF,OFF,0.000000,0.000000
067,467.287500,ﾃﾞｼﾞﾀﾙ簡易無線3B_47ch,T98,B,OFF,6k25,OFF,0.000000,OFF,OFF,670,017,OFF,2500,OFF,ALL,OFF,228,123,23,AUTO,OFF,ALL,OFF,OFF,0.000000,0.000000
068,467.293750,ﾃﾞｼﾞﾀﾙ簡易無線3B_48ch,T98,B,OFF,6k25,OFF,0.000000,OFF,OFF,670,017,OFF,2500,OFF,ALL,OFF,228,123,23,AUTO,OFF,ALL,OFF,OFF,0.000000,0.000000
069,467.300000,ﾃﾞｼﾞﾀﾙ簡易無線3B_49ch,T98,B,OFF,6k25,OFF,0.000000,OFF,OFF,670,017,OFF,2500,OFF,ALL,OFF,228,123,23,AUTO,OFF,ALL,OFF,OFF,0.000000,0.000000
070,467.306250,ﾃﾞｼﾞﾀﾙ簡易無線3B_50ch,T98,B,OFF,6k25,OFF,0.000000,OFF,OFF,670,017,OFF,2500,OFF,ALL,OFF,228,123,23,AUTO,OFF,ALL,OFF,OFF,0.000000,0.000000
071,467.312500,ﾃﾞｼﾞﾀﾙ簡易無線3B_51ch,T98,B,OFF,6k25,OFF,0.000000,OFF,OFF,670,017,OFF,2500,OFF,ALL,OFF,228,123,23,AUTO,OFF,ALL,OFF,OFF,0.000000,0.000000
072,467.318750,ﾃﾞｼﾞﾀﾙ簡易無線3B_52ch,T98,B,OFF,6k25,OFF,0.000000,OFF,OFF,670,017,OFF,2500,OFF,ALL,OFF,228,123,23,AUTO,OFF,ALL,OFF,OFF,0.000000,0.000000
073,467.325000,ﾃﾞｼﾞﾀﾙ簡易無線3B_53ch,T98,B,OFF,6k25,OFF,0.000000,OFF,OFF,670,017,OFF,2500,OFF,ALL,OFF,228,123,23,AUTO,OFF,ALL,OFF,OFF,0.000000,0.000000
074,467.331250,ﾃﾞｼﾞﾀﾙ簡易無線3B_54ch,T98,B,OFF,6k25,OFF,0.000000,OFF,OFF,670,017,OFF,2500,OFF,ALL,OFF,228,123,23,AUTO,OFF,ALL,OFF,OFF,0.000000,0.000000
075,467.337500,ﾃﾞｼﾞﾀﾙ簡易無線3B_55ch,T98,B,OFF,6k25,OFF,0.000000,OFF,OFF,670,017,OFF,2500,OFF,ALL,OFF,228,123,23,AUTO,OFF,ALL,OFF,OFF,0.000000,0.000000
076,467.343750,ﾃﾞｼﾞﾀﾙ簡易無線3B_56ch,T98,B,OFF,6k25,OFF,0.000000,OFF,OFF,670,017,OFF,2500,OFF,ALL,OFF,228,123,23,AUTO,OFF,ALL,OFF,OFF,0.000000,0.000000
077,467.350000,ﾃﾞｼﾞﾀﾙ簡易無線3B_57ch,T98,B,OFF,6k25,OFF,0.000000,OFF,OFF,670,017,OFF,2500,OFF,ALL,OFF,228,123,23,AUTO,OFF,ALL,OFF,OFF,0.000000,0.000000
078,467.356250,ﾃﾞｼﾞﾀﾙ簡易無線3B_58ch,T98,B,OFF,6k25,OFF,0.000000,OFF,OFF,670,017,OFF,2500,OFF,ALL,OFF,228,123,23,AUTO,OFF,ALL,OFF,OFF,0.000000,0.000000
079,467.362500,ﾃﾞｼﾞﾀﾙ簡易無線3B_59ch,T98,B,OFF,6k25,OFF,0.000000,OFF,OFF,670,017,OFF,2500,OFF,ALL,OFF,228,123,23,AUTO,OFF,ALL,OFF,OFF,0.000000,0.000000
080,467.368750,ﾃﾞｼﾞﾀﾙ簡易無線3B_60ch,T98,B,OFF,6k25,OFF,0.000000,OFF,OFF,670,017,OFF,2500,OFF,ALL,OFF,228,123,23,AUTO,OFF,ALL,OFF,OFF,0.000000,0.000000
081,467.375000,ﾃﾞｼﾞﾀﾙ簡易無線3B_61ch,T98,B,OFF,6k25,OFF,0.000000,OFF,OFF,670,017,OFF,2500,OFF,ALL,OFF,228,123,23,AUTO,OFF,ALL,OFF,OFF,0.000000,0.000000
082,467.381250,ﾃﾞｼﾞﾀﾙ簡易無線3B_62ch,T98,B,OFF,6k25,OFF,0.000000,OFF,OFF,670,017,OFF,2500,OFF,ALL,OFF,228,123,23,AUTO,OFF,ALL,OFF,OFF,0.000000,0.000000
083,467.387500,ﾃﾞｼﾞﾀﾙ簡易無線3B_63ch,T98,B,OFF,6k25,OFF,0.000000,OFF,OFF,670,017,OFF,2500,OFF,ALL,OFF,228,123,23,AUTO,OFF,ALL,OFF,OFF,0.000000,0.000000
084,467.393750,ﾃﾞｼﾞﾀﾙ簡易無線3B_64ch,T98,B,OFF,6k25,OFF,0.000000,OFF,OFF,670,017,OFF,2500,OFF,ALL,OFF,228,123,23,AUTO,OFF,ALL,OFF,OFF,0.000000,0.000000
085,467.400000,ﾃﾞｼﾞﾀﾙ簡易無線3B_65ch,T98,B,OFF,6k25,OFF,0.000000,OFF,OFF,670,017,OFF,2500,OFF,ALL,OFF,228,123,23,AUTO,OFF,ALL,OFF,OFF,0.000000,0.000000
086,351.168750,ﾃﾞｼﾞﾀﾙ簡易無線3R上空_01ch,T98,B,OFF,6k25,OFF,0.000000,OFF,OFF,670,017,OFF,2500,OFF,ALL,OFF,228,123,23,AUTO,OFF,ALL,OFF,OFF,0.000000,0.000000
087,351.175000,ﾃﾞｼﾞﾀﾙ簡易無線3R上空_02ch,T98,B,OFF,6k25,OFF,0.000000,OFF,OFF,670,017,OFF,2500,OFF,ALL,OFF,228,123,23,AUTO,OFF,ALL,OFF,OFF,0.000000,0.000000
088,351.181250,ﾃﾞｼﾞﾀﾙ簡易無線3R上空_03ch,T98,B,OFF,6k25,OFF,0.000000,OFF,OFF,670,017,OFF,2500,OFF,ALL,OFF,228,123,23,AUTO,OFF,ALL,OFF,OFF,0.000000,0.000000
089,351.187500,ﾃﾞｼﾞﾀﾙ簡易無線3R上空_04ch,T98,B,OFF,6k25,OFF,0.000000,OFF,OFF,670,017,OFF,2500,OFF,ALL,OFF,228,123,23,AUTO,OFF,ALL,OFF,OFF,0.000000,0.000000
090,351.193750,ﾃﾞｼﾞﾀﾙ簡易無線3R上空_05ch,T98,B,OFF,6k25,OFF,0.000000,OFF,OFF,670,017,OFF,2500,OFF,ALL,OFF,228,123,23,AUTO,OFF,ALL,OFF,OFF,0.000000,0.000000
091,351.200000,ﾃﾞｼﾞﾀﾙ簡易無線3R_01ch,T98,B,OFF,6k25,OFF,0.000000,OFF,OFF,670,017,OFF,2500,OFF,ALL,OFF,228,123,23,AUTO,OFF,ALL,OFF,OFF,0.000000,0.000000
092,351.206250,ﾃﾞｼﾞﾀﾙ簡易無線3R_02ch,T98,B,OFF,6k25,OFF,0.000000,OFF,OFF,670,017,OFF,2500,OFF,ALL,OFF,228,123,23,AUTO,OFF,ALL,OFF,OFF,0.000000,0.000000
093,351.212500,ﾃﾞｼﾞﾀﾙ簡易無線3R_03ch,T98,B,OFF,6k25,OFF,0.000000,OFF,OFF,670,017,OFF,2500,OFF,ALL,OFF,228,123,23,AUTO,OFF,ALL,OFF,OFF,0.000000,0.000000
094,351.218750,ﾃﾞｼﾞﾀﾙ簡易無線3R_04ch,T98,B,OFF,6k25,OFF,0.000000,OFF,OFF,670,017,OFF,2500,OFF,ALL,OFF,228,123,23,AUTO,OFF,ALL,OFF,OFF,0.000000,0.000000
095,351.225000,ﾃﾞｼﾞﾀﾙ簡易無線3R_05ch,T98,B,OFF,6k25,OFF,0.000000,OFF,OFF,670,017,OFF,2500,OFF,ALL,OFF,228,123,23,AUTO,OFF,ALL,OFF,OFF,0.000000,0.000000
096,351.231250,ﾃﾞｼﾞﾀﾙ簡易無線3R_06ch,T98,B,OFF,6k25,OFF,0.000000,OFF,OFF,670,017,OFF,2500,OFF,ALL,OFF,228,123,23,AUTO,OFF,ALL,OFF,OFF,0.000000,0.000000
097,351.237500,ﾃﾞｼﾞﾀﾙ簡易無線3R_07ch,T98,B,OFF,6k25,OFF,0.000000,OFF,OFF,670,017,OFF,2500,OFF,ALL,OFF,228,123,23,AUTO,OFF,ALL,OFF,OFF,0.000000,0.000000
098,351.243750,ﾃﾞｼﾞﾀﾙ簡易無線3R_08ch,T98,B,OFF,6k25,OFF,0.000000,OFF,OFF,670,017,OFF,2500,OFF,ALL,OFF,228,123,23,AUTO,OFF,ALL,OFF,OFF,0.000000,0.000000
099,351.250000,ﾃﾞｼﾞﾀﾙ簡易無線3R_09ch,T98,B,OFF,6k25,OFF,0.000000,OFF,OFF,670,017,OFF,2500,OFF,ALL,OFF,228,123,23,AUTO,OFF,ALL,OFF,OFF,0.000000,0.000000
100,351.256250,ﾃﾞｼﾞﾀﾙ簡易無線3R_10ch,T98,B,OFF,6k25,OFF,0.000000,OFF,OFF,670,017,OFF,2500,OFF,ALL,OFF,228,123,23,AUTO,OFF,ALL,OFF,OFF,0.000000,0.000000
101,351.262500,ﾃﾞｼﾞﾀﾙ簡易無線3R_11ch,T98,B,OFF,6k25,OFF,0.000000,OFF,OFF,670,017,OFF,2500,OFF,ALL,OFF,228,123,23,AUTO,OFF,ALL,OFF,OFF,0.000000,0.000000
102,351.268750,ﾃﾞｼﾞﾀﾙ簡易無線3R_12ch,T98,B,OFF,6k25,OFF,0.000000,OFF,OFF,670,017,OFF,2500,OFF,ALL,OFF,228,123,23,AUTO,OFF,ALL,OFF,OFF,0.000000,0.000000
103,351.275000,ﾃﾞｼﾞﾀﾙ簡易無線3R_13ch,T98,B,OFF,6k25,OFF,0.000000,OFF,OFF,670,017,OFF,2500,OFF,ALL,OFF,228,123,23,AUTO,OFF,ALL,OFF,OFF,0.000000,0.000000
104,351.281250,ﾃﾞｼﾞﾀﾙ簡易無線3R_14ch,T98,B,OFF,6k25,OFF,0.000000,OFF,OFF,670,017,OFF,2500,OFF,ALL,OFF,228,123,23,AUTO,OFF,ALL,OFF,OFF,0.000000,0.000000
105,351.287500,ﾃﾞｼﾞﾀﾙ簡易無線3R_15ch,T98,B,OFF,6k25,OFF,0.000000,OFF,OFF,670,017,OFF,2500,OFF,ALL,OFF,228,123,23,AUTO,OFF,ALL,OFF,OFF,0.000000,0.000000
106,351.293750,ﾃﾞｼﾞﾀﾙ簡易無線3R_16ch,T98,B,OFF,6k25,OFF,0.000000,OFF,OFF,670,017,OFF,2500,OFF,ALL,OFF,228,123,23,AUTO,OFF,ALL,OFF,OFF,0.000000,0.000000
107,351.300000,ﾃﾞｼﾞﾀﾙ簡易無線3R_17ch,T98,B,OFF,6k25,OFF,0.000000,OFF,OFF,670,017,OFF,2500,OFF,ALL,OFF,228,123,23,AUTO,OFF,ALL,OFF,OFF,0.000000,0.000000
108,351.306250,ﾃﾞｼﾞﾀﾙ簡易無線3R_18ch,T98,B,OFF,6k25,OFF,0.000000,OFF,OFF,670,017,OFF,2500,OFF,ALL,OFF,228,123,23,AUTO,OFF,ALL,OFF,OFF,0.000000,0.000000
109,351.312500,ﾃﾞｼﾞﾀﾙ簡易無線3R_19ch,T98,B,OFF,6k25,OFF,0.000000,OFF,OFF,670,017,OFF,2500,OFF,ALL,OFF,228,123,23,AUTO,OFF,ALL,OFF,OFF,0.000000,0.000000
110,351.318750,ﾃﾞｼﾞﾀﾙ簡易無線3R_20ch,T98,B,OFF,6k25,OFF,0.000000,OFF,OFF,670,017,OFF,2500,OFF,ALL,OFF,228,123,23,AUTO,OFF,ALL,OFF,OFF,0.000000,0.000000
111,351.325000,ﾃﾞｼﾞﾀﾙ簡易無線3R_21ch,T98,B,OFF,6k25,OFF,0.000000,OFF,OFF,670,017,OFF,2500,OFF,ALL,OFF,228,123,23,AUTO,OFF,ALL,OFF,OFF,0.000000,0.000000
112,351.331250,ﾃﾞｼﾞﾀﾙ簡易無線3R_22ch,T98,B,OFF,6k25,OFF,0.000000,OFF,OFF,670,017,OFF,2500,OFF,ALL,OFF,228,123,23,AUTO,OFF,ALL,OFF,OFF,0.000000,0.000000
113,351.337500,ﾃﾞｼﾞﾀﾙ簡易無線3R_23ch,T98,B,OFF,6k25,OFF,0.000000,OFF,OFF,670,017,OFF,2500,OFF,ALL,OFF,228,123,23,AUTO,OFF,ALL,OFF,OFF,0.000000,0.000000
114,351.343750,ﾃﾞｼﾞﾀﾙ簡易無線3R_24ch,T98,B,OFF,6k25,OFF,0.000000,OFF,OFF,670,017,OFF,2500,OFF,ALL,OFF,228,123,23,AUTO,OFF,ALL,OFF,OFF,0.000000,0.000000
115,351.350000,ﾃﾞｼﾞﾀﾙ簡易無線3R_25ch,T98,B,OFF,6k25,OFF,0.000000,OFF,OFF,670,017,OFF,2500,OFF,ALL,OFF,228,123,23,AUTO,OFF,ALL,OFF,OFF,0.000000,0.000000
116,351.356250,ﾃﾞｼﾞﾀﾙ簡易無線3R_26ch,T98,B,OFF,6k25,OFF,0.000000,OFF,OFF,670,017,OFF,2500,OFF,ALL,OFF,228,123,23,AUTO,OFF,ALL,OFF,OFF,0.000000,0.000000
117,351.362500,ﾃﾞｼﾞﾀﾙ簡易無線3R_27ch,T98,B,OFF,6k25,OFF,0.000000,OFF,OFF,670,017,OFF,2500,OFF,ALL,OFF,228,123,23,AUTO,OFF,ALL,OFF,OFF,0.000000,0.000000
118,351.368750,ﾃﾞｼﾞﾀﾙ簡易無線3R_28ch,T98,B,OFF,6k25,OFF,0.000000,OFF,OFF,670,017,OFF,2500,OFF,ALL,OFF,228,123,23,AUTO,OFF,ALL,OFF,OFF,0.000000,0.000000
119,351.375000,ﾃﾞｼﾞﾀﾙ簡易無線3R_29ch,T98,B,OFF,6k25,OFF,0.000000,OFF,OFF,670,017,OFF,2500,OFF,ALL,OFF,228,123,23,AUTO,OFF,ALL,OFF,OFF,0.000000,0.000000
120,351.381250,ﾃﾞｼﾞﾀﾙ簡易無線3R_30ch,T98,B,OFF,6k25,OFF,0.000000,OFF,OFF,670,017,OFF,2500,OFF,ALL,OFF,228,123,23,AUTO,OFF,ALL,OFF,OFF,0.000000,0.000000
121,154.443750,ﾃﾞｼﾞﾀﾙ簡易無線3A_01ch,T98,B,OFF,6k25,OFF,0.000000,OFF,OFF,670,017,OFF,2500,OFF,ALL,OFF,228,123,23,AUTO,OFF,ALL,OFF,OFF,0.000000,0.000000
122,154.450000,ﾃﾞｼﾞﾀﾙ簡易無線3A_02ch,T98,B,OFF,6k25,OFF,0.000000,OFF,OFF,670,017,OFF,2500,OFF,ALL,OFF,228,123,23,AUTO,OFF,ALL,OFF,OFF,0.000000,0.000000
123,154.456250,ﾃﾞｼﾞﾀﾙ簡易無線3A_03ch,T98,B,OFF,6k25,OFF,0.000000,OFF,OFF,670,017,OFF,2500,OFF,ALL,OFF,228,123,23,AUTO,OFF,ALL,OFF,OFF,0.000000,0.000000
124,154.462500,ﾃﾞｼﾞﾀﾙ簡易無線3A_04ch,T98,B,OFF,6k25,OFF,0.000000,OFF,OFF,670,017,OFF,2500,OFF,ALL,OFF,228,123,23,AUTO,OFF,ALL,OFF,OFF,0.000000,0.000000
125,154.468750,ﾃﾞｼﾞﾀﾙ簡易無線3A_05ch,T98,B,OFF,6k25,OFF,0.000000,OFF,OFF,670,017,OFF,2500,OFF,ALL,OFF,228,123,23,AUTO,OFF,ALL,OFF,OFF,0.000000,0.000000
126,154.475000,ﾃﾞｼﾞﾀﾙ簡易無線3A_06ch,T98,B,OFF,6k25,OFF,0.000000,OFF,OFF,670,017,OFF,2500,OFF,ALL,OFF,228,123,23,AUTO,OFF,ALL,OFF,OFF,0.000000,0.000000
127,154.481250,ﾃﾞｼﾞﾀﾙ簡易無線3A_07ch,T98,B,OFF,6k25,OFF,0.000000,OFF,OFF,670,017,OFF,2500,OFF,ALL,OFF,228,123,23,AUTO,OFF,ALL,OFF,OFF,0.000000,0.000000
128,154.487500,ﾃﾞｼﾞﾀﾙ簡易無線3A_08ch,T98,B,OFF,6k25,OFF,0.000000,OFF,OFF,670,017,OFF,2500,OFF,ALL,OFF,228,123,23,AUTO,OFF,ALL,OFF,OFF,0.000000,0.000000
129,154.493750,ﾃﾞｼﾞﾀﾙ簡易無線3A_09ch,T98,B,OFF,6k25,OFF,0.000000,OFF,OFF,670,017,OFF,2500,OFF,ALL,OFF,228,123,23,AUTO,OFF,ALL,OFF,OFF,0.000000,0.000000
130,154.500000,ﾃﾞｼﾞﾀﾙ簡易無線3A_10ch,T98,B,OFF,6k25,OFF,0.000000,OFF,OFF,670,017,OFF,2500,OFF,ALL,OFF,228,123,23,AUTO,OFF,ALL,OFF,OFF,0.000000,0.000000
131,154.506250,ﾃﾞｼﾞﾀﾙ簡易無線3A_11ch,T98,B,OFF,6k25,OFF,0.000000,OFF,OFF,670,017,OFF,2500,OFF,ALL,OFF,228,123,23,AUTO,OFF,ALL,OFF,OFF,0.000000,0.000000
132,154.512500,ﾃﾞｼﾞﾀﾙ簡易無線3A_12ch,T98,B,OFF,6k25,OFF,0.000000,OFF,OFF,670,017,OFF,2500,OFF,ALL,OFF,228,123,23,AUTO,OFF,ALL,OFF,OFF,0.000000,0.000000
133,154.518750,ﾃﾞｼﾞﾀﾙ簡易無線3A_13ch,T98,B,OFF,6k25,OFF,0.000000,OFF,OFF,670,017,OFF,2500,OFF,ALL,OFF,228,123,23,AUTO,OFF,ALL,OFF,OFF,0.000000,0.000000
134,154.525000,ﾃﾞｼﾞﾀﾙ簡易無線3A_14ch,T98,B,OFF,6k25,OFF,0.000000,OFF,OFF,670,017,OFF,2500,OFF,ALL,OFF,228,123,23,AUTO,OFF,ALL,OFF,OFF,0.000000,0.000000
135,154.531250,ﾃﾞｼﾞﾀﾙ簡易無線3A_15ch,T98,B,OFF,6k25,OFF,0.000000,OFF,OFF,670,017,OFF,2500,OFF,ALL,OFF,228,123,23,AUTO,OFF,ALL,OFF,OFF,0.000000,0.000000
136,154.537500,ﾃﾞｼﾞﾀﾙ簡易無線3A_16ch,T98,B,OFF,6k25,OFF,0.000000,OFF,OFF,670,017,OFF,2500,OFF,ALL,OFF,228,123,23,AUTO,OFF,ALL,OFF,OFF,0.000000,0.000000
137,154.543750,ﾃﾞｼﾞﾀﾙ簡易無線3A_17ch,T98,B,OFF,6k25,OFF,0.000000,OFF,OFF,670,017,OFF,2500,OFF,ALL,OFF,228,123,23,AUTO,OFF,ALL,OFF,OFF,0.000000,0.000000
138,154.550000,ﾃﾞｼﾞﾀﾙ簡易無線3A_18ch,T98,B,OFF,6k25,OFF,0.000000,OFF,OFF,670,017,OFF,2500,OFF,ALL,OFF,228,123,23,AUTO,OFF,ALL,OFF,OFF,0.000000,0.000000
139,154.556250,ﾃﾞｼﾞﾀﾙ簡易無線3A_19ch,T98,B,OFF,6k25,OFF,0.000000,OFF,OFF,670,017,OFF,2500,OFF,ALL,OFF,228,123,23,AUTO,OFF,ALL,OFF,OFF,0.000000,0.000000
140,154.562500,ﾃﾞｼﾞﾀﾙ簡易無線3A_20ch,T98,B,OFF,6k25,OFF,0.000000,OFF,OFF,670,017,OFF,2500,OFF,ALL,OFF,228,123,23,AUTO,OFF,ALL,OFF,OFF,0.000000,0.000000
141,154.568750,ﾃﾞｼﾞﾀﾙ簡易無線3A_21ch,T98,B,OFF,6k25,OFF,0.000000,OFF,OFF,670,017,OFF,2500,OFF,ALL,OFF,228,123,23,AUTO,OFF,ALL,OFF,OFF,0.000000,0.000000
142,154.575000,ﾃﾞｼﾞﾀﾙ簡易無線3A_22ch,T98,B,OFF,6k25,OFF,0.000000,OFF,OFF,670,017,OFF,2500,OFF,ALL,OFF,228,123,23,AUTO,OFF,ALL,OFF,OFF,0.000000,0.000000
143,154.581250,ﾃﾞｼﾞﾀﾙ簡易無線3A_23ch,T98,B,OFF,6k25,OFF,0.000000,OFF,OFF,670,017,OFF,2500,OFF,ALL,OFF,228,123,23,AUTO,OFF,ALL,OFF,OFF,0.000000,0.000000
144,154.587500,ﾃﾞｼﾞﾀﾙ簡易無線3A_24ch,T98,B,OFF,6k25,OFF,0.000000,OFF,OFF,670,017,OFF,2500,OFF,ALL,OFF,228,123,23,AUTO,OFF,ALL,OFF,OFF,0.000000,0.000000
145,154.593750,ﾃﾞｼﾞﾀﾙ簡易無線3A_25ch,T98,B,OFF,6k25,OFF,0.000000,OFF,OFF,670,017,OFF,2500,OFF,ALL,OFF,228,123,23,AUTO,OFF,ALL,OFF,OFF,0.000000,0.000000
146,154.600000,ﾃﾞｼﾞﾀﾙ簡易無線3A_26ch,T98,B,OFF,6k25,OFF,0.000000,OFF,OFF,670,017,OFF,2500,OFF,ALL,OFF,228,123,23,AUTO,OFF,ALL,OFF,OFF,0.000000,0.000000
147,154.606250,ﾃﾞｼﾞﾀﾙ簡易無線3A_27ch,T98,B,OFF,6k25,OFF,0.000000,OFF,OFF,670,017,OFF,2500,OFF,ALL,OFF,228,123,23,AUTO,OFF,ALL,OFF,OFF,0.000000,0.000000
148,154.612500,ﾃﾞｼﾞﾀﾙ簡易無線3A_28ch,T98,B,OFF,6k25,OFF,0.000000,OFF,OFF,670,017,OFF,2500,OFF,ALL,OFF,228,123,23,AUTO,OFF,ALL,OFF,OFF,0.000000,0.000000
149,154.450000,ｱﾅﾛｸﾞ簡易無線3A_01ch,NFM,B,OFF,25k,OFF,0.000000,OFF,OFF,670,017,OFF,2500,OFF,ALL,OFF,AUTO,123,23,AUTO,OFF,ALL,OFF,OFF,0.000000,0.000000
150,154.470000,ｱﾅﾛｸﾞ簡易無線3A_02ch,NFM,B,OFF,25k,OFF,0.000000,OFF,OFF,670,017,OFF,2500,OFF,ALL,OFF,AUTO,123,23,AUTO,OFF,ALL,OFF,OFF,0.000000,0.000000
151,154.490000,ｱﾅﾛｸﾞ簡易無線3A_03ch,NFM,B,OFF,25k,OFF,0.000000,OFF,OFF,670,017,OFF,2500,OFF,ALL,OFF,AUTO,123,23,AUTO,OFF,ALL,OFF,OFF,0.000000,0.000000
152,154.510000,ｱﾅﾛｸﾞ簡易無線3A_04ch,NFM,B,OFF,25k,OFF,0.000000,OFF,OFF,670,017,OFF,2500,OFF,ALL,OFF,AUTO,123,23,AUTO,OFF,ALL,OFF,OFF,0.000000,0.000000
153,154.530000,ｱﾅﾛｸﾞ簡易無線3A_05ch,NFM,B,OFF,25k,OFF,0.000000,OFF,OFF,670,017,OFF,2500,OFF,ALL,OFF,AUTO,123,23,AUTO,OFF,ALL,OFF,OFF,0.000000,0.000000
154,154.550000,ｱﾅﾛｸﾞ簡易無線3A_06ch,NFM,B,OFF,25k,OFF,0.000000,OFF,OFF,670,017,OFF,2500,OFF,ALL,OFF,AUTO,123,23,AUTO,OFF,ALL,OFF,OFF,0.000000,0.000000
155,154.570000,ｱﾅﾛｸﾞ簡易無線3A_07ch,NFM,B,OFF,25k,OFF,0.000000,OFF,OFF,670,017,OFF,2500,OFF,ALL,OFF,AUTO,123,23,AUTO,OFF,ALL,OFF,OFF,0.000000,0.000000
156,154.590000,ｱﾅﾛｸﾞ簡易無線3A_08ch,NFM,B,OFF,25k,OFF,0.000000,OFF,OFF,670,017,OFF,2500,OFF,ALL,OFF,AUTO,123,23,AUTO,OFF,ALL,OFF,OFF,0.000000,0.000000
157,154.610000,ｱﾅﾛｸﾞ簡易無線3A_09ch,NFM,B,OFF,25k,OFF,0.000000,OFF,OFF,670,017,OFF,2500,OFF,ALL,OFF,AUTO,123,23,AUTO,OFF,ALL,OFF,OFF,0.000000,0.000000
158,465.037500,ｱﾅﾛｸﾞ簡易無線3B_01ch,NFM,B,OFF,25k,OFF,0.000000,OFF,OFF,670,017,OFF,2500,OFF,ALL,OFF,AUTO,123,23,AUTO,OFF,ALL,OFF,OFF,0.000000,0.000000
159,465.050000,ｱﾅﾛｸﾞ簡易無線3B_02ch,NFM,B,OFF,25k,OFF,0.000000,OFF,OFF,670,017,OFF,2500,OFF,ALL,OFF,AUTO,123,23,AUTO,OFF,ALL,OFF,OFF,0.000000,0.000000
160,465.062500,ｱﾅﾛｸﾞ簡易無線3B_03ch,NFM,B,OFF,25k,OFF,0.000000,OFF,OFF,670,017,OFF,2500,OFF,ALL,OFF,AUTO,123,23,AUTO,OFF,ALL,OFF,OFF,0.000000,0.000000
161,465.075000,ｱﾅﾛｸﾞ簡易無線3B_04ch,NFM,B,OFF,25k,OFF,0.000000,OFF,OFF,670,017,OFF,2500,OFF,ALL,OFF,AUTO,123,23,AUTO,OFF,ALL,OFF,OFF,0.000000,0.000000
162,465.087500,ｱﾅﾛｸﾞ簡易無線3B_05ch,NFM,B,OFF,25k,OFF,0.000000,OFF,OFF,670,017,OFF,2500,OFF,ALL,OFF,AUTO,123,23,AUTO,OFF,ALL,OFF,OFF,0.000000,0.000000
163,465.100000,ｱﾅﾛｸﾞ簡易無線3B_06ch,NFM,B,OFF,25k,OFF,0.000000,OFF,OFF,670,017,OFF,2500,OFF,ALL,OFF,AUTO,123,23,AUTO,OFF,ALL,OFF,OFF,0.000000,0.000000
164,465.112500,ｱﾅﾛｸﾞ簡易無線3B_07ch,NFM,B,OFF,25k,OFF,0.000000,OFF,OFF,670,017,OFF,2500,OFF,ALL,OFF,AUTO,123,23,AUTO,OFF,ALL,OFF,OFF,0.000000,0.000000
165,465.125000,ｱﾅﾛｸﾞ簡易無線3B_08ch,NFM,B,OFF,25k,OFF,0.000000,OFF,OFF,670,017,OFF,2500,OFF,ALL,OFF,AUTO,123,23,AUTO,OFF,ALL,OFF,OFF,0.000000,0.000000
166,465.137500,ｱﾅﾛｸﾞ簡易無線3B_09ch,NFM,B,OFF,25k,OFF,0.000000,OFF,OFF,670,017,OFF,2500,OFF,ALL,OFF,AUTO,123,23,AUTO,OFF,ALL,OFF,OFF,0.000000,0.000000
167,465.150000,ｱﾅﾛｸﾞ簡易無線3B_10ch,NFM,B,OFF,25k,OFF,0.000000,OFF,OFF,670,017,OFF,2500,OFF,ALL,OFF,AUTO,123,23,AUTO,OFF,ALL,OFF,OFF,0.000000,0.000000
168,468.550000,ｱﾅﾛｸﾞ簡易無線3B_11ch,NFM,B,OFF,25k,OFF,0.000000,OFF,OFF,670,017,OFF,2500,OFF,ALL,OFF,AUTO,123,23,AUTO,OFF,ALL,OFF,OFF,0.000000,0.000000
169,468.562500,ｱﾅﾛｸﾞ簡易無線3B_12ch,NFM,B,OFF,25k,OFF,0.000000,OFF,OFF,670,017,OFF,2500,OFF,ALL,OFF,AUTO,123,23,AUTO,OFF,ALL,OFF,OFF,0.000000,0.000000
170,468.575000,ｱﾅﾛｸﾞ簡易無線3B_13ch,NFM,B,OFF,25k,OFF,0.000000,OFF,OFF,670,017,OFF,2500,OFF,ALL,OFF,AUTO,123,23,AUTO,OFF,ALL,OFF,OFF,0.000000,0.000000
171,468.587500,ｱﾅﾛｸﾞ簡易無線3B_14ch,NFM,B,OFF,25k,OFF,0.000000,OFF,OFF,670,017,OFF,2500,OFF,ALL,OFF,AUTO,123,23,AUTO,OFF,ALL,OFF,OFF,0.000000,0.000000
172,468.600000,ｱﾅﾛｸﾞ簡易無線3B_15ch,NFM,B,OFF,25k,OFF,0.000000,OFF,OFF,670,017,OFF,2500,OFF,ALL,OFF,AUTO,123,23,AUTO,OFF,ALL,OFF,OFF,0.000000,0.000000
173,468.612500,ｱﾅﾛｸﾞ簡易無線3B_16ch,NFM,B,OFF,25k,OFF,0.000000,OFF,OFF,670,017,OFF,2500,OFF,ALL,OFF,AUTO,123,23,AUTO,OFF,ALL,OFF,OFF,0.000000,0.000000
174,468.625000,ｱﾅﾛｸﾞ簡易無線3B_17ch,NFM,B,OFF,25k,OFF,0.000000,OFF,OFF,670,017,OFF,2500,OFF,ALL,OFF,AUTO,123,23,AUTO,OFF,ALL,OFF,OFF,0.000000,0.000000
175,468.637500,ｱﾅﾛｸﾞ簡易無線3B_18ch,NFM,B,OFF,25k,OFF,0.000000,OFF,OFF,670,017,OFF,2500,OFF,ALL,OFF,AUTO,123,23,AUTO,OFF,ALL,OFF,OFF,0.000000,0.000000
176,468.650000,ｱﾅﾛｸﾞ簡易無線3B_19ch,NFM,B,OFF,25k,OFF,0.000000,OFF,OFF,670,017,OFF,2500,OFF,ALL,OFF,AUTO,123,23,AUTO,OFF,ALL,OFF,OFF,0.000000,0.000000
177,468.662500,ｱﾅﾛｸﾞ簡易無線3B_20ch,NFM,B,OFF,25k,OFF,0.000000,OFF,OFF,670,017,OFF,2500,OFF,ALL,OFF,AUTO,123,23,AUTO,OFF,ALL,OFF,OFF,0.000000,0.000000
178,468.675000,ｱﾅﾛｸﾞ簡易無線3B_21ch,NFM,B,OFF,25k,OFF,0.000000,OFF,OFF,670,017,OFF,2500,OFF,ALL,OFF,AUTO,123,23,AUTO,OFF,ALL,OFF,OFF,0.000000,0.000000
179,468.687500,ｱﾅﾛｸﾞ簡易無線3B_22ch,NFM,B,OFF,25k,OFF,0.000000,OFF,OFF,670,017,OFF,2500,OFF,ALL,OFF,AUTO,123,23,AUTO,OFF,ALL,OFF,OFF,0.000000,0.000000
180,468.700000,ｱﾅﾛｸﾞ簡易無線3B_23ch,NFM,B,OFF,25k,OFF,0.000000,OFF,OFF,670,017,OFF,2500,OFF,ALL,OFF,AUTO,123,23,AUTO,OFF,ALL,OFF,OFF,0.000000,0.000000
181,468.712500,ｱﾅﾛｸﾞ簡易無線3B_24ch,NFM,B,OFF,25k,OFF,0.000000,OFF,OFF,670,017,OFF,2500,OFF,ALL,OFF,AUTO,123,23,AUTO,OFF,ALL,OFF,OFF,0.000000,0.000000
182,468.725000,ｱﾅﾛｸﾞ簡易無線3B_25ch,NFM,B,OFF,25k,OFF,0.000000,OFF,OFF,670,017,OFF,2500,OFF,ALL,OFF,AUTO,123,23,AUTO,OFF,ALL,OFF,OFF,0.000000,0.000000
183,468.737500,ｱﾅﾛｸﾞ簡易無線3B_26ch,NFM,B,OFF,25k,OFF,0.000000,OFF,OFF,670,017,OFF,2500,OFF,ALL,OFF,AUTO,123,23,AUTO,OFF,ALL,OFF,OFF,0.000000,0.000000
184,468.750000,ｱﾅﾛｸﾞ簡易無線3B_27ch,NFM,B,OFF,25k,OFF,0.000000,OFF,OFF,670,017,OFF,2500,OFF,ALL,OFF,AUTO,123,23,AUTO,OFF,ALL,OFF,OFF,0.000000,0.000000
185,468.762500,ｱﾅﾛｸﾞ簡易無線3B_28ch,NFM,B,OFF,25k,OFF,0.000000,OFF,OFF,670,017,OFF,2500,OFF,ALL,OFF,AUTO,123,23,AUTO,OFF,ALL,OFF,OFF,0.000000,0.000000
186,468.775000,ｱﾅﾛｸﾞ簡易無線3B_29ch,NFM,B,OFF,25k,OFF,0.000000,OFF,OFF,670,017,OFF,2500,OFF,ALL,OFF,AUTO,123,23,AUTO,OFF,ALL,OFF,OFF,0.000000,0.000000
187,468.787500,ｱﾅﾛｸﾞ簡易無線3B_30ch,NFM,B,OFF,25k,OFF,0.000000,OFF,OFF,670,017,OFF,2500,OFF,ALL,OFF,AUTO,123,23,AUTO,OFF,ALL,OFF,OFF,0.000000,0.000000
188,468.800000,ｱﾅﾛｸﾞ簡易無線3B_31ch,NFM,B,OFF,25k,OFF,0.000000,OFF,OFF,670,017,OFF,2500,OFF,ALL,OFF,AUTO,123,23,AUTO,OFF,ALL,OFF,OFF,0.000000,0.000000
189,468.812500,ｱﾅﾛｸﾞ簡易無線3B_32ch,NFM,B,OFF,25k,OFF,0.000000,OFF,OFF,670,017,OFF,2500,OFF,ALL,OFF,AUTO,123,23,AUTO,OFF,ALL,OFF,OFF,0.000000,0.000000
190,468.825000,ｱﾅﾛｸﾞ簡易無線3B_33ch,NFM,B,OFF,25k,OFF,0.000000,OFF,OFF,670,017,OFF,2500,OFF,ALL,OFF,AUTO,123,23,AUTO,OFF,ALL,OFF,OFF,0.000000,0.000000
191,468.837500,ｱﾅﾛｸﾞ簡易無線3B_34ch,NFM,B,OFF,25k,OFF,0.000000,OFF,OFF,670,017,OFF,2500,OFF,ALL,OFF,AUTO,123,23,AUTO,OFF,ALL,OFF,OFF,0.000000,0.000000
192,468.850000,ｱﾅﾛｸﾞ簡易無線3B_35ch,NFM,B,OFF,25k,OFF,0.000000,OFF,OFF,670,017,OFF,2500,OFF,ALL,OFF,AUTO,123,23,AUTO,OFF,ALL,OFF,OFF,0.000000,0.000000
193,,,,,,,,,,,,,,,,,,,,,,,,,,,
194,,,,,,,,,,,,,,,,,,,,,,,,,,,
195,,,,,,,,,,,,,,,,,,,,,,,,,,,
196,,,,,,,,,,,,,,,,,,,,,,,,,,,
197,,,,,,,,,,,,,,,,,,,,,,,,,,,
198,,,,,,,,,,,,,,,,,,,,,,,,,,,
199,,,,,,,,,,,,,,,,,,,,,,,,,,,
200,,,,,,,,,,,,,,,,,,,,,,,,,,,
201,,,,,,,,,,,,,,,,,,,,,,,,,,,
202,,,,,,,,,,,,,,,,,,,,,,,,,,,
203,,,,,,,,,,,,,,,,,,,,,,,,,,,
204,,,,,,,,,,,,,,,,,,,,,,,,,,,
205,,,,,,,,,,,,,,,,,,,,,,,,,,,
206,,,,,,,,,,,,,,,,,,,,,,,,,,,
207,,,,,,,,,,,,,,,,,,,,,,,,,,,
208,,,,,,,,,,,,,,,,,,,,,,,,,,,
209,,,,,,,,,,,,,,,,,,,,,,,,,,,
210,,,,,,,,,,,,,,,,,,,,,,,,,,,
211,,,,,,,,,,,,,,,,,,,,,,,,,,,
212,,,,,,,,,,,,,,,,,,,,,,,,,,,
213,,,,,,,,,,,,,,,,,,,,,,,,,,,
214,,,,,,,,,,,,,,,,,,,,,,,,,,,
215,,,,,,,,,,,,,,,,,,,,,,,,,,,
216,,,,,,,,,,,,,,,,,,,,,,,,,,,
217,,,,,,,,,,,,,,,,,,,,,,,,,,,
218,,,,,,,,,,,,,,,,,,,,,,,,,,,
219,,,,,,,,,,,,,,,,,,,,,,,,,,,
220,,,,,,,,,,,,,,,,,,,,,,,,,,,
221,,,,,,,,,,,,,,,,,,,,,,,,,,,
222,,,,,,,,,,,,,,,,,,,,,,,,,,,
223,,,,,,,,,,,,,,,,,,,,,,,,,,,
224,,,,,,,,,,,,,,,,,,,,,,,,,,,
225,,,,,,,,,,,,,,,,,,,,,,,,,,,
226,,,,,,,,,,,,,,,,,,,,,,,,,,,
227,,,,,,,,,,,,,,,,,,,,,,,,,,,
228,,,,,,,,,,,,,,,,,,,,,,,,,,,
229,,,,,,,,,,,,,,,,,,,,,,,,,,,
230,,,,,,,,,,,,,,,,,,,,,,,,,,,
231,,,,,,,,,,,,,,,,,,,,,,,,,,,
232,,,,,,,,,,,,,,,,,,,,,,,,,,,
233,,,,,,,,,,,,,,,,,,,,,,,,,,,
234,,,,,,,,,,,,,,,,,,,,,,,,,,,
235,,,,,,,,,,,,,,,,,,,,,,,,,,,
236,,,,,,,,,,,,,,,,,,,,,,,,,,,
237,,,,,,,,,,,,,,,,,,,,,,,,,,,
238,,,,,,,,,,,,,,,,,,,,,,,,,,,
239,,,,,,,,,,,,,,,,,,,,,,,,,,,
240,,,,,,,,,,,,,,,,,,,,,,,,,,,
241,,,,,,,,,,,,,,,,,,,,,,,,,,,
242,,,,,,,,,,,,,,,,,,,,,,,,,,,
243,,,,,,,,,,,,,,,,,,,,,,,,,,,
244,,,,,,,,,,,,,,,,,,,,,,,,,,,
245,,,,,,,,,,,,,,,,,,,,,,,,,,,
246,,,,,,,,,,,,,,,,,,,,,,,,,,,
247,,,,,,,,,,,,,,,,,,,,,,,,,,,
248,,,,,,,,,,,,,,,,,,,,,,,,,,,
249,,,,,,,,,,,,,,,,,,,,,,,,,,,
250,,,,,,,,,,,,,,,,,,,,,,,,,,,
251,,,,,,,,,,,,,,,,,,,,,,,,,,,
252,,,,,,,,,,,,,,,,,,,,,,,,,,,
253,,,,,,,,,,,,,,,,,,,,,,,,,,,
254,,,,,,,,,,,,,,,,,,,,,,,,,,,
255,,,,,,,,,,,,,,,,,,,,,,,,,,,
256,,,,,,,,,,,,,,,,,,,,,,,,,,,
257,,,,,,,,,,,,,,,,,,,,,,,,,,,
258,,,,,,,,,,,,,,,,,,,,,,,,,,,
259,,,,,,,,,,,,,,,,,,,,,,,,,,,
260,,,,,,,,,,,,,,,,,,,,,,,,,,,
261,,,,,,,,,,,,,,,,,,,,,,,,,,,
262,,,,,,,,,,,,,,,,,,,,,,,,,,,
263,,,,,,,,,,,,,,,,,,,,,,,,,,,
264,,,,,,,,,,,,,,,,,,,,,,,,,,,
265,,,,,,,,,,,,,,,,,,,,,,,,,,,
266,,,,,,,,,,,,,,,,,,,,,,,,,,,
267,,,,,,,,,,,,,,,,,,,,,,,,,,,
268,,,,,,,,,,,,,,,,,,,,,,,,,,,
269,,,,,,,,,,,,,,,,,,,,,,,,,,,
270,,,,,,,,,,,,,,,,,,,,,,,,,,,
271,,,,,,,,,,,,,,,,,,,,,,,,,,,
272,,,,,,,,,,,,,,,,,,,,,,,,,,,
273,,,,,,,,,,,,,,,,,,,,,,,,,,,
274,,,,,,,,,,,,,,,,,,,,,,,,,,,
275,,,,,,,,,,,,,,,,,,,,,,,,,,,
276,,,,,,,,,,,,,,,,,,,,,,,,,,,
277,,,,,,,,,,,,,,,,,,,,,,,,,,,
278,,,,,,,,,,,,,,,,,,,,,,,,,,,
279,,,,,,,,,,,,,,,,,,,,,,,,,,,
280,,,,,,,,,,,,,,,,,,,,,,,,,,,
281,,,,,,,,,,,,,,,,,,,,,,,,,,,
282,,,,,,,,,,,,,,,,,,,,,,,,,,,
283,,,,,,,,,,,,,,,,,,,,,,,,,,,
284,,,,,,,,,,,,,,,,,,,,,,,,,,,
285,,,,,,,,,,,,,,,,,,,,,,,,,,,
286,,,,,,,,,,,,,,,,,,,,,,,,,,,
287,,,,,,,,,,,,,,,,,,,,,,,,,,,
288,,,,,,,,,,,,,,,,,,,,,,,,,,,
289,,,,,,,,,,,,,,,,,,,,,,,,,,,
290,,,,,,,,,,,,,,,,,,,,,,,,,,,
291,,,,,,,,,,,,,,,,,,,,,,,,,,,
292,,,,,,,,,,,,,,,,,,,,,,,,,,,
293,,,,,,,,,,,,,,,,,,,,,,,,,,,
294,,,,,,,,,,,,,,,,,,,,,,,,,,,
295,,,,,,,,,,,,,,,,,,,,,,,,,,,
296,,,,,,,,,,,,,,,,,,,,,,,,,,,
297,,,,,,,,,,,,,,,,,,,,,,,,,,,
298,,,,,,,,,,,,,,,,,,,,,,,,,,,
299,,,,,,,,,,,,,,,,,,,,,,,,,,,
300,,,,,,,,,,,,,,,,,,,,,,,,,,,
301,,,,,,,,,,,,,,,,,,,,,,,,,,,
302,,,,,,,,,,,,,,,,,,,,,,,,,,,
303,,,,,,,,,,,,,,,,,,,,,,,,,,,
304,,,,,,,,,,,,,,,,,,,,,,,,,,,
305,,,,,,,,,,,,,,,,,,,,,,,,,,,
306,,,,,,,,,,,,,,,,,,,,,,,,,,,
307,,,,,,,,,,,,,,,,,,,,,,,,,,,
308,,,,,,,,,,,,,,,,,,,,,,,,,,,
309,,,,,,,,,,,,,,,,,,,,,,,,,,,
310,,,,,,,,,,,,,,,,,,,,,,,,,,,
311,,,,,,,,,,,,,,,,,,,,,,,,,,,
312,,,,,,,,,,,,,,,,,,,,,,,,,,,
313,,,,,,,,,,,,,,,,,,,,,,,,,,,
314,,,,,,,,,,,,,,,,,,,,,,,,,,,
315,,,,,,,,,,,,,,,,,,,,,,,,,,,
316,,,,,,,,,,,,,,,,,,,,,,,,,,,
317,,,,,,,,,,,,,,,,,,,,,,,,,,,
318,,,,,,,,,,,,,,,,,,,,,,,,,,,
319,,,,,,,,,,,,,,,,,,,,,,,,,,,
320,,,,,,,,,,,,,,,,,,,,,,,,,,,
321,,,,,,,,,,,,,,,,,,,,,,,,,,,
322,,,,,,,,,,,,,,,,,,,,,,,,,,,
323,,,,,,,,,,,,,,,,,,,,,,,,,,,
324,,,,,,,,,,,,,,,,,,,,,,,,,,,
325,,,,,,,,,,,,,,,,,,,,,,,,,,,
326,,,,,,,,,,,,,,,,,,,,,,,,,,,
327,,,,,,,,,,,,,,,,,,,,,,,,,,,
328,,,,,,,,,,,,,,,,,,,,,,,,,,,
329,,,,,,,,,,,,,,,,,,,,,,,,,,,
330,,,,,,,,,,,,,,,,,,,,,,,,,,,
331,,,,,,,,,,,,,,,,,,,,,,,,,,,
332,,,,,,,,,,,,,,,,,,,,,,,,,,,
333,,,,,,,,,,,,,,,,,,,,,,,,,,,
334,,,,,,,,,,,,,,,,,,,,,,,,,,,
335,,,,,,,,,,,,,,,,,,,,,,,,,,,
336,,,,,,,,,,,,,,,,,,,,,,,,,,,
337,,,,,,,,,,,,,,,,,,,,,,,,,,,
338,,,,,,,,,,,,,,,,,,,,,,,,,,,
339,,,,,,,,,,,,,,,,,,,,,,,,,,,
340,,,,,,,,,,,,,,,,,,,,,,,,,,,
341,,,,,,,,,,,,,,,,,,,,,,,,,,,
342,,,,,,,,,,,,,,,,,,,,,,,,,,,
343,,,,,,,,,,,,,,,,,,,,,,,,,,,
344,,,,,,,,,,,,,,,,,,,,,,,,,,,
345,,,,,,,,,,,,,,,,,,,,,,,,,,,
346,,,,,,,,,,,,,,,,,,,,,,,,,,,
347,,,,,,,,,,,,,,,,,,,,,,,,,,,
348,,,,,,,,,,,,,,,,,,,,,,,,,,,
349,,,,,,,,,,,,,,,,,,,,,,,,,,,
350,,,,,,,,,,,,,,,,,,,,,,,,,,,
351,,,,,,,,,,,,,,,,,,,,,,,,,,,
352,,,,,,,,,,,,,,,,,,,,,,,,,,,
353,,,,,,,,,,,,,,,,,,,,,,,,,,,
354,,,,,,,,,,,,,,,,,,,,,,,,,,,
355,,,,,,,,,,,,,,,,,,,,,,,,,,,
356,,,,,,,,,,,,,,,,,,,,,,,,,,,
357,,,,,,,,,,,,,,,,,,,,,,,,,,,
358,,,,,,,,,,,,,,,,,,,,,,,,,,,
359,,,,,,,,,,,,,,,,,,,,,,,,,,,
360,,,,,,,,,,,,,,,,,,,,,,,,,,,
361,,,,,,,,,,,,,,,,,,,,,,,,,,,
362,,,,,,,,,,,,,,,,,,,,,,,,,,,
363,,,,,,,,,,,,,,,,,,,,,,,,,,,
364,,,,,,,,,,,,,,,,,,,,,,,,,,,
365,,,,,,,,,,,,,,,,,,,,,,,,,,,
366,,,,,,,,,,,,,,,,,,,,,,,,,,,
367,,,,,,,,,,,,,,,,,,,,,,,,,,,
368,,,,,,,,,,,,,,,,,,,,,,,,,,,
369,,,,,,,,,,,,,,,,,,,,,,,,,,,
370,,,,,,,,,,,,,,,,,,,,,,,,,,,
371,,,,,,,,,,,,,,,,,,,,,,,,,,,
372,,,,,,,,,,,,,,,,,,,,,,,,,,,
373,,,,,,,,,,,,,,,,,,,,,,,,,,,
374,,,,,,,,,,,,,,,,,,,,,,,,,,,
375,,,,,,,,,,,,,,,,,,,,,,,,,,,
376,,,,,,,,,,,,,,,,,,,,,,,,,,,
377,,,,,,,,,,,,,,,,,,,,,,,,,,,
378,,,,,,,,,,,,,,,,,,,,,,,,,,,
379,,,,,,,,,,,,,,,,,,,,,,,,,,,
380,,,,,,,,,,,,,,,,,,,,,,,,,,,
381,,,,,,,,,,,,,,,,,,,,,,,,,,,
382,,,,,,,,,,,,,,,,,,,,,,,,,,,
383,,,,,,,,,,,,,,,,,,,,,,,,,,,
384,,,,,,,,,,,,,,,,,,,,,,,,,,,
385,,,,,,,,,,,,,,,,,,,,,,,,,,,
386,,,,,,,,,,,,,,,,,,,,,,,,,,,
387,,,,,,,,,,,,,,,,,,,,,,,,,,,
388,,,,,,,,,,,,,,,,,,,,,,,,,,,
389,,,,,,,,,,,,,,,,,,,,,,,,,,,
390,,,,,,,,,,,,,,,,,,,,,,,,,,,
391,,,,,,,,,,,,,,,,,,,,,,,,,,,
392,,,,,,,,,,,,,,,,,,,,,,,,,,,
393,,,,,,,,,,,,,,,,,,,,,,,,,,,
394,,,,,,,,,,,,,,,,,,,,,,,,,,,
395,,,,,,,,,,,,,,,,,,,,,,,,,,,
396,,,,,,,,,,,,,,,,,,,,,,,,,,,
397,,,,,,,,,,,,,,,,,,,,,,,,,,,
398,,,,,,,,,,,,,,,,,,,,,,,,,,,
399,,,,,,,,,,,,,,,,,,,,,,,,,,,
400,,,,,,,,,,,,,,,,,,,,,,,,,,,
401,,,,,,,,,,,,,,,,,,,,,,,,,,,
402,,,,,,,,,,,,,,,,,,,,,,,,,,,
403,,,,,,,,,,,,,,,,,,,,,,,,,,,
404,,,,,,,,,,,,,,,,,,,,,,,,,,,
405,,,,,,,,,,,,,,,,,,,,,,,,,,,
406,,,,,,,,,,,,,,,,,,,,,,,,,,,
407,,,,,,,,,,,,,,,,,,,,,,,,,,,
408,,,,,,,,,,,,,,,,,,,,,,,,,,,
409,,,,,,,,,,,,,,,,,,,,,,,,,,,
410,,,,,,,,,,,,,,,,,,,,,,,,,,,
411,,,,,,,,,,,,,,,,,,,,,,,,,,,
412,,,,,,,,,,,,,,,,,,,,,,,,,,,
413,,,,,,,,,,,,,,,,,,,,,,,,,,,
414,,,,,,,,,,,,,,,,,,,,,,,,,,,
415,,,,,,,,,,,,,,,,,,,,,,,,,,,
416,,,,,,,,,,,,,,,,,,,,,,,,,,,
417,,,,,,,,,,,,,,,,,,,,,,,,,,,
418,,,,,,,,,,,,,,,,,,,,,,,,,,,
419,,,,,,,,,,,,,,,,,,,,,,,,,,,
420,,,,,,,,,,,,,,,,,,,,,,,,,,,
421,,,,,,,,,,,,,,,,,,,,,,,,,,,
422,,,,,,,,,,,,,,,,,,,,,,,,,,,
423,,,,,,,,,,,,,,,,,,,,,,,,,,,
424,,,,,,,,,,,,,,,,,,,,,,,,,,,
425,,,,,,,,,,,,,,,,,,,,,,,,,,,
426,,,,,,,,,,,,,,,,,,,,,,,,,,,
427,,,,,,,,,,,,,,,,,,,,,,,,,,,
428,,,,,,,,,,,,,,,,,,,,,,,,,,,
429,,,,,,,,,,,,,,,,,,,,,,,,,,,
430,,,,,,,,,,,,,,,,,,,,,,,,,,,
431,,,,,,,,,,,,,,,,,,,,,,,,,,,
432,,,,,,,,,,,,,,,,,,,,,,,,,,,
433,,,,,,,,,,,,,,,,,,,,,,,,,,,
434,,,,,,,,,,,,,,,,,,,,,,,,,,,
435,,,,,,,,,,,,,,,,,,,,,,,,,,,
436,,,,,,,,,,,,,,,,,,,,,,,,,,,
437,,,,,,,,,,,,,,,,,,,,,,,,,,,
438,,,,,,,,,,,,,,,,,,,,,,,,,,,
439,,,,,,,,,,,,,,,,,,,,,,,,,,,
440,,,,,,,,,,,,,,,,,,,,,,,,,,,
441,,,,,,,,,,,,,,,,,,,,,,,,,,,
442,,,,,,,,,,,,,,,,,,,,,,,,,,,
443,,,,,,,,,,,,,,,,,,,,,,,,,,,
444,,,,,,,,,,,,,,,,,,,,,,,,,,,
445,,,,,,,,,,,,,,,,,,,,,,,,,,,
446,,,,,,,,,,,,,,,,,,,,,,,,,,,
447,,,,,,,,,,,,,,,,,,,,,,,,,,,
448,,,,,,,,,,,,,,,,,,,,,,,,,,,
449,,,,,,,,,,,,,,,,,,,,,,,,,,,
450,,,,,,,,,,,,,,,,,,,,,,,,,,,
451,,,,,,,,,,,,,,,,,,,,,,,,,,,
452,,,,,,,,,,,,,,,,,,,,,,,,,,,
453,,,,,,,,,,,,,,,,,,,,,,,,,,,
454,,,,,,,,,,,,,,,,,,,,,,,,,,,
455,,,,,,,,,,,,,,,,,,,,,,,,,,,
456,,,,,,,,,,,,,,,,,,,,,,,,,,,
457,,,,,,,,,,,,,,,,,,,,,,,,,,,
458,,,,,,,,,,,,,,,,,,,,,,,,,,,
459,,,,,,,,,,,,,,,,,,,,,,,,,,,
460,,,,,,,,,,,,,,,,,,,,,,,,,,,
461,,,,,,,,,,,,,,,,,,,,,,,,,,,
462,,,,,,,,,,,,,,,,,,,,,,,,,,,
463,,,,,,,,,,,,,,,,,,,,,,,,,,,
464,,,,,,,,,,,,,,,,,,,,,,,,,,,
465,,,,,,,,,,,,,,,,,,,,,,,,,,,
466,,,,,,,,,,,,,,,,,,,,,,,,,,,
467,,,,,,,,,,,,,,,,,,,,,,,,,,,
468,,,,,,,,,,,,,,,,,,,,,,,,,,,
469,,,,,,,,,,,,,,,,,,,,,,,,,,,
470,,,,,,,,,,,,,,,,,,,,,,,,,,,
471,,,,,,,,,,,,,,,,,,,,,,,,,,,
472,,,,,,,,,,,,,,,,,,,,,,,,,,,
473,,,,,,,,,,,,,,,,,,,,,,,,,,,
474,,,,,,,,,,,,,,,,,,,,,,,,,,,
475,,,,,,,,,,,,,,,,,,,,,,,,,,,
476,,,,,,,,,,,,,,,,,,,,,,,,,,,
477,,,,,,,,,,,,,,,,,,,,,,,,,,,
478,,,,,,,,,,,,,,,,,,,,,,,,,,,
479,,,,,,,,,,,,,,,,,,,,,,,,,,,
480,,,,,,,,,,,,,,,,,,,,,,,,,,,
481,,,,,,,,,,,,,,,,,,,,,,,,,,,
482,,,,,,,,,,,,,,,,,,,,,,,,,,,
483,,,,,,,,,,,,,,,,,,,,,,,,,,,
484,,,,,,,,,,,,,,,,,,,,,,,,,,,
485,,,,,,,,,,,,,,,,,,,,,,,,,,,
486,,,,,,,,,,,,,,,,,,,,,,,,,,,
487,,,,,,,,,,,,,,,,,,,,,,,,,,,
488,,,,,,,,,,,,,,,,,,,,,,,,,,,
489,,,,,,,,,,,,,,,,,,,,,,,,,,,
490,,,,,,,,,,,,,,,,,,,,,,,,,,,
491,,,,,,,,,,,,,,,,,,,,,,,,,,,
492,,,,,,,,,,,,,,,,,,,,,,,,,,,
493,,,,,,,,,,,,,,,,,,,,,,,,,,,
494,,,,,,,,,,,,,,,,,,,,,,,,,,,
495,,,,,,,,,,,,,,,,,,,,,,,,,,,
496,,,,,,,,,,,,,,,,,,,,,,,,,,,
497,,,,,,,,,,,,,,,,,,,,,,,,,,,
498,,,,,,,,,,,,,,,,,,,,,,,,,,,
499,,,,,,,,,,,,,,,,,,,,,,,,,,,
500,,,,,,,,,,,,,,,,,,,,,,,,,,,
501,,,,,,,,,,,,,,,,,,,,,,,,,,,
502,,,,,,,,,,,,,,,,,,,,,,,,,,,
503,,,,,,,,,,,,,,,,,,,,,,,,,,,
504,,,,,,,,,,,,,,,,,,,,,,,,,,,
505,,,,,,,,,,,,,,,,,,,,,,,,,,,
506,,,,,,,,,,,,,,,,,,,,,,,,,,,
507,,,,,,,,,,,,,,,,,,,,,,,,,,,
508,,,,,,,,,,,,,,,,,,,,,,,,,,,
509,,,,,,,,,,,,,,,,,,,,,,,,,,,
510,,,,,,,,,,,,,,,,,,,,,,,,,,,
511,,,,,,,,,,,,,,,,,,,,,,,,,,,
512,,,,,,,,,,,,,,,,,,,,,,,,,,,
513,,,,,,,,,,,,,,,,,,,,,,,,,,,
514,,,,,,,,,,,,,,,,,,,,,,,,,,,
515,,,,,,,,,,,,,,,,,,,,,,,,,,,
516,,,,,,,,,,,,,,,,,,,,,,,,,,,
517,,,,,,,,,,,,,,,,,,,,,,,,,,,
518,,,,,,,,,,,,,,,,,,,,,,,,,,,
519,,,,,,,,,,,,,,,,,,,,,,,,,,,
520,,,,,,,,,,,,,,,,,,,,,,,,,,,
521,,,,,,,,,,,,,,,,,,,,,,,,,,,
522,,,,,,,,,,,,,,,,,,,,,,,,,,,
523,,,,,,,,,,,,,,,,,,,,,,,,,,,
524,,,,,,,,,,,,,,,,,,,,,,,,,,,
525,,,,,,,,,,,,,,,,,,,,,,,,,,,
526,,,,,,,,,,,,,,,,,,,,,,,,,,,
527,,,,,,,,,,,,,,,,,,,,,,,,,,,
528,,,,,,,,,,,,,,,,,,,,,,,,,,,
529,,,,,,,,,,,,,,,,,,,,,,,,,,,
530,,,,,,,,,,,,,,,,,,,,,,,,,,,
531,,,,,,,,,,,,,,,,,,,,,,,,,,,
532,,,,,,,,,,,,,,,,,,,,,,,,,,,
533,,,,,,,,,,,,,,,,,,,,,,,,,,,
534,,,,,,,,,,,,,,,,,,,,,,,,,,,
535,,,,,,,,,,,,,,,,,,,,,,,,,,,
536,,,,,,,,,,,,,,,,,,,,,,,,,,,
537,,,,,,,,,,,,,,,,,,,,,,,,,,,
538,,,,,,,,,,,,,,,,,,,,,,,,,,,
539,,,,,,,,,,,,,,,,,,,,,,,,,,,
540,,,,,,,,,,,,,,,,,,,,,,,,,,,
541,,,,,,,,,,,,,,,,,,,,,,,,,,,
542,,,,,,,,,,,,,,,,,,,,,,,,,,,
543,,,,,,,,,,,,,,,,,,,,,,,,,,,
544,,,,,,,,,,,,,,,,,,,,,,,,,,,
545,,,,,,,,,,,,,,,,,,,,,,,,,,,
546,,,,,,,,,,,,,,,,,,,,,,,,,,,
547,,,,,,,,,,,,,,,,,,,,,,,,,,,
548,,,,,,,,,,,,,,,,,,,,,,,,,,,
549,,,,,,,,,,,,,,,,,,,,,,,,,,,
550,,,,,,,,,,,,,,,,,,,,,,,,,,,
551,,,,,,,,,,,,,,,,,,,,,,,,,,,
552,,,,,,,,,,,,,,,,,,,,,,,,,,,
553,,,,,,,,,,,,,,,,,,,,,,,,,,,
554,,,,,,,,,,,,,,,,,,,,,,,,,,,
555,,,,,,,,,,,,,,,,,,,,,,,,,,,
556,,,,,,,,,,,,,,,,,,,,,,,,,,,
557,,,,,,,,,,,,,,,,,,,,,,,,,,,
558,,,,,,,,,,,,,,,,,,,,,,,,,,,
559,,,,,,,,,,,,,,,,,,,,,,,,,,,
560,,,,,,,,,,,,,,,,,,,,,,,,,,,
561,,,,,,,,,,,,,,,,,,,,,,,,,,,
562,,,,,,,,,,,,,,,,,,,,,,,,,,,
563,,,,,,,,,,,,,,,,,,,,,,,,,,,
564,,,,,,,,,,,,,,,,,,,,,,,,,,,
565,,,,,,,,,,,,,,,,,,,,,,,,,,,
566,,,,,,,,,,,,,,,,,,,,,,,,,,,
567,,,,,,,,,,,,,,,,,,,,,,,,,,,
568,,,,,,,,,,,,,,,,,,,,,,,,,,,
569,,,,,,,,,,,,,,,,,,,,,,,,,,,
570,,,,,,,,,,,,,,,,,,,,,,,,,,,
571,,,,,,,,,,,,,,,,,,,,,,,,,,,
572,,,,,,,,,,,,,,,,,,,,,,,,,,,
573,,,,,,,,,,,,,,,,,,,,,,,,,,,
574,,,,,,,,,,,,,,,,,,,,,,,,,,,
575,,,,,,,,,,,,,,,,,,,,,,,,,,,
576,,,,,,,,,,,,,,,,,,,,,,,,,,,
577,,,,,,,,,,,,,,,,,,,,,,,,,,,
578,,,,,,,,,,,,,,,,,,,,,,,,,,,
579,,,,,,,,,,,,,,,,,,,,,,,,,,,
580,,,,,,,,,,,,,,,,,,,,,,,,,,,
581,,,,,,,,,,,,,,,,,,,,,,,,,,,
582,,,,,,,,,,,,,,,,,,,,,,,,,,,
583,,,,,,,,,,,,,,,,,,,,,,,,,,,
584,,,,,,,,,,,,,,,,,,,,,,,,,,,
585,,,,,,,,,,,,,,,,,,,,,,,,,,,
586,,,,,,,,,,,,,,,,,,,,,,,,,,,
587,,,,,,,,,,,,,,,,,,,,,,,,,,,
588,,,,,,,,,,,,,,,,,,,,,,,,,,,
589,,,,,,,,,,,,,,,,,,,,,,,,,,,
590,,,,,,,,,,,,,,,,,,,,,,,,,,,
591,,,,,,,,,,,,,,,,,,,,,,,,,,,
592,,,,,,,,,,,,,,,,,,,,,,,,,,,
593,,,,,,,,,,,,,,,,,,,,,,,,,,,
594,,,,,,,,,,,,,,,,,,,,,,,,,,,
595,,,,,,,,,,,,,,,,,,,,,,,,,,,
596,,,,,,,,,,,,,,,,,,,,,,,,,,,
597,,,,,,,,,,,,,,,,,,,,,,,,,,,
598,,,,,,,,,,,,,,,,,,,,,,,,,,,
599,,,,,,,,,,,,,,,,,,,,,,,,,,,
600,,,,,,,,,,,,,,,,,,,,,,,,,,,
601,,,,,,,,,,,,,,,,,,,,,,,,,,,
602,,,,,,,,,,,,,,,,,,,,,,,,,,,
603,,,,,,,,,,,,,,,,,,,,,,,,,,,
604,,,,,,,,,,,,,,,,,,,,,,,,,,,
605,,,,,,,,,,,,,,,,,,,,,,,,,,,
606,,,,,,,,,,,,,,,,,,,,,,,,,,,
607,,,,,,,,,,,,,,,,,,,,,,,,,,,
608,,,,,,,,,,,,,,,,,,,,,,,,,,,
609,,,,,,,,,,,,,,,,,,,,,,,,,,,
610,,,,,,,,,,,,,,,,,,,,,,,,,,,
611,,,,,,,,,,,,,,,,,,,,,,,,,,,
612,,,,,,,,,,,,,,,,,,,,,,,,,,,
613,,,,,,,,,,,,,,,,,,,,,,,,,,,
614,,,,,,,,,,,,,,,,,,,,,,,,,,,
615,,,,,,,,,,,,,,,,,,,,,,,,,,,
616,,,,,,,,,,,,,,,,,,,,,,,,,,,
617,,,,,,,,,,,,,,,,,,,,,,,,,,,
618,,,,,,,,,,,,,,,,,,,,,,,,,,,
619,,,,,,,,,,,,,,,,,,,,,,,,,,,
620,,,,,,,,,,,,,,,,,,,,,,,,,,,
621,,,,,,,,,,,,,,,,,,,,,,,,,,,
622,,,,,,,,,,,,,,,,,,,,,,,,,,,
623,,,,,,,,,,,,,,,,,,,,,,,,,,,
624,,,,,,,,,,,,,,,,,,,,,,,,,,,
625,,,,,,,,,,,,,,,,,,,,,,,,,,,
626,,,,,,,,,,,,,,,,,,,,,,,,,,,
627,,,,,,,,,,,,,,,,,,,,,,,,,,,
628,,,,,,,,,,,,,,,,,,,,,,,,,,,
629,,,,,,,,,,,,,,,,,,,,,,,,,,,
630,,,,,,,,,,,,,,,,,,,,,,,,,,,
631,,,,,,,,,,,,,,,,,,,,,,,,,,,
632,,,,,,,,,,,,,,,,,,,,,,,,,,,
633,,,,,,,,,,,,,,,,,,,,,,,,,,,
634,,,,,,,,,,,,,,,,,,,,,,,,,,,
635,,,,,,,,,,,,,,,,,,,,,,,,,,,
636,,,,,,,,,,,,,,,,,,,,,,,,,,,
637,,,,,,,,,,,,,,,,,,,,,,,,,,,
638,,,,,,,,,,,,,,,,,,,,,,,,,,,
639,,,,,,,,,,,,,,,,,,,,,,,,,,,
640,,,,,,,,,,,,,,,,,,,,,,,,,,,
641,,,,,,,,,,,,,,,,,,,,,,,,,,,
642,,,,,,,,,,,,,,,,,,,,,,,,,,,
643,,,,,,,,,,,,,,,,,,,,,,,,,,,
644,,,,,,,,,,,,,,,,,,,,,,,,,,,
645,,,,,,,,,,,,,,,,,,,,,,,,,,,
646,,,,,,,,,,,,,,,,,,,,,,,,,,,
647,,,,,,,,,,,,,,,,,,,,,,,,,,,
648,,,,,,,,,,,,,,,,,,,,,,,,,,,
649,,,,,,,,,,,,,,,,,,,,,,,,,,,
650,,,,,,,,,,,,,,,,,,,,,,,,,,,
651,,,,,,,,,,,,,,,,,,,,,,,,,,,
652,,,,,,,,,,,,,,,,,,,,,,,,,,,
653,,,,,,,,,,,,,,,,,,,,,,,,,,,
654,,,,,,,,,,,,,,,,,,,,,,,,,,,
655,,,,,,,,,,,,,,,,,,,,,,,,,,,
656,,,,,,,,,,,,,,,,,,,,,,,,,,,
657,,,,,,,,,,,,,,,,,,,,,,,,,,,
658,,,,,,,,,,,,,,,,,,,,,,,,,,,
659,,,,,,,,,,,,,,,,,,,,,,,,,,,
660,,,,,,,,,,,,,,,,,,,,,,,,,,,
661,,,,,,,,,,,,,,,,,,,,,,,,,,,
662,,,,,,,,,,,,,,,,,,,,,,,,,,,
663,,,,,,,,,,,,,,,,,,,,,,,,,,,
664,,,,,,,,,,,,,,,,,,,,,,,,,,,
665,,,,,,,,,,,,,,,,,,,,,,,,,,,
666,,,,,,,,,,,,,,,,,,,,,,,,,,,
667,,,,,,,,,,,,,,,,,,,,,,,,,,,
668,,,,,,,,,,,,,,,,,,,,,,,,,,,
669,,,,,,,,,,,,,,,,,,,,,,,,,,,
670,,,,,,,,,,,,,,,,,,,,,,,,,,,
671,,,,,,,,,,,,,,,,,,,,,,,,,,,
672,,,,,,,,,,,,,,,,,,,,,,,,,,,
673,,,,,,,,,,,,,,,,,,,,,,,,,,,
674,,,,,,,,,,,,,,,,,,,,,,,,,,,
675,,,,,,,,,,,,,,,,,,,,,,,,,,,
676,,,,,,,,,,,,,,,,,,,,,,,,,,,
677,,,,,,,,,,,,,,,,,,,,,,,,,,,
678,,,,,,,,,,,,,,,,,,,,,,,,,,,
679,,,,,,,,,,,,,,,,,,,,,,,,,,,
680,,,,,,,,,,,,,,,,,,,,,,,,,,,
681,,,,,,,,,,,,,,,,,,,,,,,,,,,
682,,,,,,,,,,,,,,,,,,,,,,,,,,,
683,,,,,,,,,,,,,,,,,,,,,,,,,,,
684,,,,,,,,,,,,,,,,,,,,,,,,,,,
685,,,,,,,,,,,,,,,,,,,,,,,,,,,
686,,,,,,,,,,,,,,,,,,,,,,,,,,,
687,,,,,,,,,,,,,,,,,,,,,,,,,,,
688,,,,,,,,,,,,,,,,,,,,,,,,,,,
689,,,,,,,,,,,,,,,,,,,,,,,,,,,
690,,,,,,,,,,,,,,,,,,,,,,,,,,,
691,,,,,,,,,,,,,,,,,,,,,,,,,,,
692,,,,,,,,,,,,,,,,,,,,,,,,,,,
693,,,,,,,,,,,,,,,,,,,,,,,,,,,
694,,,,,,,,,,,,,,,,,,,,,,,,,,,
695,,,,,,,,,,,,,,,,,,,,,,,,,,,
696,,,,,,,,,,,,,,,,,,,,,,,,,,,
697,,,,,,,,,,,,,,,,,,,,,,,,,,,
698,,,,,,,,,,,,,,,,,,,,,,,,,,,
699,,,,,,,,,,,,,,,,,,,,,,,,,,,
700,,,,,,,,,,,,,,,,,,,,,,,,,,,
701,,,,,,,,,,,,,,,,,,,,,,,,,,,
702,,,,,,,,,,,,,,,,,,,,,,,,,,,
703,,,,,,,,,,,,,,,,,,,,,,,,,,,
704,,,,,,,,,,,,,,,,,,,,,,,,,,,
705,,,,,,,,,,,,,,,,,,,,,,,,,,,
706,,,,,,,,,,,,,,,,,,,,,,,,,,,
707,,,,,,,,,,,,,,,,,,,,,,,,,,,
708,,,,,,,,,,,,,,,,,,,,,,,,,,,
709,,,,,,,,,,,,,,,,,,,,,,,,,,,
710,,,,,,,,,,,,,,,,,,,,,,,,,,,
711,,,,,,,,,,,,,,,,,,,,,,,,,,,
712,,,,,,,,,,,,,,,,,,,,,,,,,,,
713,,,,,,,,,,,,,,,,,,,,,,,,,,,
714,,,,,,,,,,,,,,,,,,,,,,,,,,,
715,,,,,,,,,,,,,,,,,,,,,,,,,,,
716,,,,,,,,,,,,,,,,,,,,,,,,,,,
717,,,,,,,,,,,,,,,,,,,,,,,,,,,
718,,,,,,,,,,,,,,,,,,,,,,,,,,,
719,,,,,,,,,,,,,,,,,,,,,,,,,,,
720,,,,,,,,,,,,,,,,,,,,,,,,,,,
721,,,,,,,,,,,,,,,,,,,,,,,,,,,
722,,,,,,,,,,,,,,,,,,,,,,,,,,,
723,,,,,,,,,,,,,,,,,,,,,,,,,,,
724,,,,,,,,,,,,,,,,,,,,,,,,,,,
725,,,,,,,,,,,,,,,,,,,,,,,,,,,
726,,,,,,,,,,,,,,,,,,,,,,,,,,,
727,,,,,,,,,,,,,,,,,,,,,,,,,,,
728,,,,,,,,,,,,,,,,,,,,,,,,,,,
729,,,,,,,,,,,,,,,,,,,,,,,,,,,
730,,,,,,,,,,,,,,,,,,,,,,,,,,,
731,,,,,,,,,,,,,,,,,,,,,,,,,,,
732,,,,,,,,,,,,,,,,,,,,,,,,,,,
733,,,,,,,,,,,,,,,,,,,,,,,,,,,
734,,,,,,,,,,,,,,,,,,,,,,,,,,,
735,,,,,,,,,,,,,,,,,,,,,,,,,,,
736,,,,,,,,,,,,,,,,,,,,,,,,,,,
737,,,,,,,,,,,,,,,,,,,,,,,,,,,
738,,,,,,,,,,,,,,,,,,,,,,,,,,,
739,,,,,,,,,,,,,,,,,,,,,,,,,,,
740,,,,,,,,,,,,,,,,,,,,,,,,,,,
741,,,,,,,,,,,,,,,,,,,,,,,,,,,
742,,,,,,,,,,,,,,,,,,,,,,,,,,,
743,,,,,,,,,,,,,,,,,,,,,,,,,,,
744,,,,,,,,,,,,,,,,,,,,,,,,,,,
745,,,,,,,,,,,,,,,,,,,,,,,,,,,
746,,,,,,,,,,,,,,,,,,,,,,,,,,,
747,,,,,,,,,,,,,,,,,,,,,,,,,,,
748,,,,,,,,,,,,,,,,,,,,,,,,,,,
749,,,,,,,,,,,,,,,,,,,,,,,,,,,
750,,,,,,,,,,,,,,,,,,,,,,,,,,,
751,,,,,,,,,,,,,,,,,,,,,,,,,,,
752,,,,,,,,,,,,,,,,,,,,,,,,,,,
753,,,,,,,,,,,,,,,,,,,,,,,,,,,
754,,,,,,,,,,,,,,,,,,,,,,,,,,,
755,,,,,,,,,,,,,,,,,,,,,,,,,,,
756,,,,,,,,,,,,,,,,,,,,,,,,,,,
757,,,,,,,,,,,,,,,,,,,,,,,,,,,
758,,,,,,,,,,,,,,,,,,,,,,,,,,,
759,,,,,,,,,,,,,,,,,,,,,,,,,,,
760,,,,,,,,,,,,,,,,,,,,,,,,,,,
761,,,,,,,,,,,,,,,,,,,,,,,,,,,
762,,,,,,,,,,,,,,,,,,,,,,,,,,,
763,,,,,,,,,,,,,,,,,,,,,,,,,,,
764,,,,,,,,,,,,,,,,,,,,,,,,,,,
765,,,,,,,,,,,,,,,,,,,,,,,,,,,
766,,,,,,,,,,,,,,,,,,,,,,,,,,,
767,,,,,,,,,,,,,,,,,,,,,,,,,,,
768,,,,,,,,,,,,,,,,,,,,,,,,,,,
769,,,,,,,,,,,,,,,,,,,,,,,,,,,
770,,,,,,,,,,,,,,,,,,,,,,,,,,,
771,,,,,,,,,,,,,,,,,,,,,,,,,,,
772,,,,,,,,,,,,,,,,,,,,,,,,,,,
773,,,,,,,,,,,,,,,,,,,,,,,,,,,
774,,,,,,,,,,,,,,,,,,,,,,,,,,,
775,,,,,,,,,,,,,,,,,,,,,,,,,,,
776,,,,,,,,,,,,,,,,,,,,,,,,,,,
777,,,,,,,,,,,,,,,,,,,,,,,,,,,
778,,,,,,,,,,,,,,,,,,,,,,,,,,,
779,,,,,,,,,,,,,,,,,,,,,,,,,,,
780,,,,,,,,,,,,,,,,,,,,,,,,,,,
781,,,,,,,,,,,,,,,,,,,,,,,,,,,
782,,,,,,,,,,,,,,,,,,,,,,,,,,,
783,,,,,,,,,,,,,,,,,,,,,,,,,,,
784,,,,,,,,,,,,,,,,,,,,,,,,,,,
785,,,,,,,,,,,,,,,,,,,,,,,,,,,
786,,,,,,,,,,,,,,,,,,,,,,,,,,,
787,,,,,,,,,,,,,,,,,,,,,,,,,,,
788,,,,,,,,,,,,,,,,,,,,,,,,,,,
789,,,,,,,,,,,,,,,,,,,,,,,,,,,
790,,,,,,,,,,,,,,,,,,,,,,,,,,,
791,,,,,,,,,,,,,,,,,,,,,,,,,,,
792,,,,,,,,,,,,,,,,,,,,,,,,,,,
793,,,,,,,,,,,,,,,,,,,,,,,,,,,
794,,,,,,,,,,,,,,,,,,,,,,,,,,,
795,,,,,,,,,,,,,,,,,,,,,,,,,,,
796,,,,,,,,,,,,,,,,,,,,,,,,,,,
797,,,,,,,,,,,,,,,,,,,,,,,,,,,
798,,,,,,,,,,,,,,,,,,,,,,,,,,,
799,,,,,,,,,,,,,,,,,,,,,,,,,,,
800,,,,,,,,,,,,,,,,,,,,,,,,,,,
801,,,,,,,,,,,,,,,,,,,,,,,,,,,
802,,,,,,,,,,,,,,,,,,,,,,,,,,,
803,,,,,,,,,,,,,,,,,,,,,,,,,,,
804,,,,,,,,,,,,,,,,,,,,,,,,,,,
805,,,,,,,,,,,,,,,,,,,,,,,,,,,
806,,,,,,,,,,,,,,,,,,,,,,,,,,,
807,,,,,,,,,,,,,,,,,,,,,,,,,,,
808,,,,,,,,,,,,,,,,,,,,,,,,,,,
809,,,,,,,,,,,,,,,,,,,,,,,,,,,
810,,,,,,,,,,,,,,,,,,,,,,,,,,,
811,,,,,,,,,,,,,,,,,,,,,,,,,,,
812,,,,,,,,,,,,,,,,,,,,,,,,,,,
813,,,,,,,,,,,,,,,,,,,,,,,,,,,
814,,,,,,,,,,,,,,,,,,,,,,,,,,,
815,,,,,,,,,,,,,,,,,,,,,,,,,,,
816,,,,,,,,,,,,,,,,,,,,,,,,,,,
817,,,,,,,,,,,,,,,,,,,,,,,,,,,
818,,,,,,,,,,,,,,,,,,,,,,,,,,,
819,,,,,,,,,,,,,,,,,,,,,,,,,,,
820,,,,,,,,,,,,,,,,,,,,,,,,,,,
821,,,,,,,,,,,,,,,,,,,,,,,,,,,
822,,,,,,,,,,,,,,,,,,,,,,,,,,,
823,,,,,,,,,,,,,,,,,,,,,,,,,,,
824,,,,,,,,,,,,,,,,,,,,,,,,,,,
825,,,,,,,,,,,,,,,,,,,,,,,,,,,
826,,,,,,,,,,,,,,,,,,,,,,,,,,,
827,,,,,,,,,,,,,,,,,,,,,,,,,,,
828,,,,,,,,,,,,,,,,,,,,,,,,,,,
829,,,,,,,,,,,,,,,,,,,,,,,,,,,
830,,,,,,,,,,,,,,,,,,,,,,,,,,,
831,,,,,,,,,,,,,,,,,,,,,,,,,,,
832,,,,,,,,,,,,,,,,,,,,,,,,,,,
833,,,,,,,,,,,,,,,,,,,,,,,,,,,
834,,,,,,,,,,,,,,,,,,,,,,,,,,,
835,,,,,,,,,,,,,,,,,,,,,,,,,,,
836,,,,,,,,,,,,,,,,,,,,,,,,,,,
837,,,,,,,,,,,,,,,,,,,,,,,,,,,
838,,,,,,,,,,,,,,,,,,,,,,,,,,,
839,,,,,,,,,,,,,,,,,,,,,,,,,,,
840,,,,,,,,,,,,,,,,,,,,,,,,,,,
841,,,,,,,,,,,,,,,,,,,,,,,,,,,
842,,,,,,,,,,,,,,,,,,,,,,,,,,,
843,,,,,,,,,,,,,,,,,,,,,,,,,,,
844,,,,,,,,,,,,,,,,,,,,,,,,,,,
845,,,,,,,,,,,,,,,,,,,,,,,,,,,
846,,,,,,,,,,,,,,,,,,,,,,,,,,,
847,,,,,,,,,,,,,,,,,,,,,,,,,,,
848,,,,,,,,,,,,,,,,,,,,,,,,,,,
849,,,,,,,,,,,,,,,,,,,,,,,,,,,
850,,,,,,,,,,,,,,,,,,,,,,,,,,,
851,,,,,,,,,,,,,,,,,,,,,,,,,,,
852,,,,,,,,,,,,,,,,,,,,,,,,,,,
853,,,,,,,,,,,,,,,,,,,,,,,,,,,
854,,,,,,,,,,,,,,,,,,,,,,,,,,,
855,,,,,,,,,,,,,,,,,,,,,,,,,,,
856,,,,,,,,,,,,,,,,,,,,,,,,,,,
857,,,,,,,,,,,,,,,,,,,,,,,,,,,
858,,,,,,,,,,,,,,,,,,,,,,,,,,,
859,,,,,,,,,,,,,,,,,,,,,,,,,,,
860,,,,,,,,,,,,,,,,,,,,,,,,,,,
861,,,,,,,,,,,,,,,,,,,,,,,,,,,
862,,,,,,,,,,,,,,,,,,,,,,,,,,,
863,,,,,,,,,,,,,,,,,,,,,,,,,,,
864,,,,,,,,,,,,,,,,,,,,,,,,,,,
865,,,,,,,,,,,,,,,,,,,,,,,,,,,
866,,,,,,,,,,,,,,,,,,,,,,,,,,,
867,,,,,,,,,,,,,,,,,,,,,,,,,,,
868,,,,,,,,,,,,,,,,,,,,,,,,,,,
869,,,,,,,,,,,,,,,,,,,,,,,,,,,
870,,,,,,,,,,,,,,,,,,,,,,,,,,,
871,,,,,,,,,,,,,,,,,,,,,,,,,,,
872,,,,,,,,,,,,,,,,,,,,,,,,,,,
873,,,,,,,,,,,,,,,,,,,,,,,,,,,
874,,,,,,,,,,,,,,,,,,,,,,,,,,,
875,,,,,,,,,,,,,,,,,,,,,,,,,,,
876,,,,,,,,,,,,,,,,,,,,,,,,,,,
877,,,,,,,,,,,,,,,,,,,,,,,,,,,
878,,,,,,,,,,,,,,,,,,,,,,,,,,,
879,,,,,,,,,,,,,,,,,,,,,,,,,,,
880,,,,,,,,,,,,,,,,,,,,,,,,,,,
881,,,,,,,,,,,,,,,,,,,,,,,,,,,
882,,,,,,,,,,,,,,,,,,,,,,,,,,,
883,,,,,,,,,,,,,,,,,,,,,,,,,,,
884,,,,,,,,,,,,,,,,,,,,,,,,,,,
885,,,,,,,,,,,,,,,,,,,,,,,,,,,
886,,,,,,,,,,,,,,,,,,,,,,,,,,,
887,,,,,,,,,,,,,,,,,,,,,,,,,,,
888,,,,,,,,,,,,,,,,,,,,,,,,,,,
889,,,,,,,,,,,,,,,,,,,,,,,,,,,
890,,,,,,,,,,,,,,,,,,,,,,,,,,,
891,,,,,,,,,,,,,,,,,,,,,,,,,,,
892,,,,,,,,,,,,,,,,,,,,,,,,,,,
893,,,,,,,,,,,,,,,,,,,,,,,,,,,
894,,,,,,,,,,,,,,,,,,,,,,,,,,,
895,,,,,,,,,,,,,,,,,,,,,,,,,,,
896,,,,,,,,,,,,,,,,,,,,,,,,,,,
897,,,,,,,,,,,,,,,,,,,,,,,,,,,
898,,,,,,,,,,,,,,,,,,,,,,,,,,,
899,,,,,,,,,,,,,,,,,,,,,,,,,,,
900,,,,,,,,,,,,,,,,,,,,,,,,,,,
901,,,,,,,,,,,,,,,,,,,,,,,,,,,
902,,,,,,,,,,,,,,,,,,,,,,,,,,,
903,,,,,,,,,,,,,,,,,,,,,,,,,,,
904,,,,,,,,,,,,,,,,,,,,,,,,,,,
905,,,,,,,,,,,,,,,,,,,,,,,,,,,
906,,,,,,,,,,,,,,,,,,,,,,,,,,,
907,,,,,,,,,,,,,,,,,,,,,,,,,,,
908,,,,,,,,,,,,,,,,,,,,,,,,,,,
909,,,,,,,,,,,,,,,,,,,,,,,,,,,
910,,,,,,,,,,,,,,,,,,,,,,,,,,,
911,,,,,,,,,,,,,,,,,,,,,,,,,,,
912,,,,,,,,,,,,,,,,,,,,,,,,,,,
913,,,,,,,,,,,,,,,,,,,,,,,,,,,
914,,,,,,,,,,,,,,,,,,,,,,,,,,,
915,,,,,,,,,,,,,,,,,,,,,,,,,,,
916,,,,,,,,,,,,,,,,,,,,,,,,,,,
917,,,,,,,,,,,,,,,,,,,,,,,,,,,
918,,,,,,,,,,,,,,,,,,,,,,,,,,,
919,,,,,,,,,,,,,,,,,,,,,,,,,,,
920,,,,,,,,,,,,,,,,,,,,,,,,,,,
921,,,,,,,,,,,,,,,,,,,,,,,,,,,
922,,,,,,,,,,,,,,,,,,,,,,,,,,,
923,,,,,,,,,,,,,,,,,,,,,,,,,,,
924,,,,,,,,,,,,,,,,,,,,,,,,,,,
925,,,,,,,,,,,,,,,,,,,,,,,,,,,
926,,,,,,,,,,,,,,,,,,,,,,,,,,,
927,,,,,,,,,,,,,,,,,,,,,,,,,,,
928,,,,,,,,,,,,,,,,,,,,,,,,,,,
929,,,,,,,,,,,,,,,,,,,,,,,,,,,
930,,,,,,,,,,,,,,,,,,,,,,,,,,,
931,,,,,,,,,,,,,,,,,,,,,,,,,,,
932,,,,,,,,,,,,,,,,,,,,,,,,,,,
933,,,,,,,,,,,,,,,,,,,,,,,,,,,
934,,,,,,,,,,,,,,,,,,,,,,,,,,,
935,,,,,,,,,,,,,,,,,,,,,,,,,,,
936,,,,,,,,,,,,,,,,,,,,,,,,,,,
937,,,,,,,,,,,,,,,,,,,,,,,,,,,
938,,,,,,,,,,,,,,,,,,,,,,,,,,,
939,,,,,,,,,,,,,,,,,,,,,,,,,,,
940,,,,,,,,,,,,,,,,,,,,,,,,,,,
941,,,,,,,,,,,,,,,,,,,,,,,,,,,
942,,,,,,,,,,,,,,,,,,,,,,,,,,,
943,,,,,,,,,,,,,,,,,,,,,,,,,,,
944,,,,,,,,,,,,,,,,,,,,,,,,,,,
945,,,,,,,,,,,,,,,,,,,,,,,,,,,
946,,,,,,,,,,,,,,,,,,,,,,,,,,,
947,,,,,,,,,,,,,,,,,,,,,,,,,,,
948,,,,,,,,,,,,,,,,,,,,,,,,,,,
949,,,,,,,,,,,,,,,,,,,,,,,,,,,
950,,,,,,,,,,,,,,,,,,,,,,,,,,,
951,,,,,,,,,,,,,,,,,,,,,,,,,,,
952,,,,,,,,,,,,,,,,,,,,,,,,,,,
953,,,,,,,,,,,,,,,,,,,,,,,,,,,
954,,,,,,,,,,,,,,,,,,,,,,,,,,,
955,,,,,,,,,,,,,,,,,,,,,,,,,,,
956,,,,,,,,,,,,,,,,,,,,,,,,,,,
957,,,,,,,,,,,,,,,,,,,,,,,,,,,
958,,,,,,,,,,,,,,,,,,,,,,,,,,,
959,,,,,,,,,,,,,,,,,,,,,,,,,,,
960,,,,,,,,,,,,,,,,,,,,,,,,,,,
961,,,,,,,,,,,,,,,,,,,,,,,,,,,
962,,,,,,,,,,,,,,,,,,,,,,,,,,,
963,,,,,,,,,,,,,,,,,,,,,,,,,,,
964,,,,,,,,,,,,,,,,,,,,,,,,,,,
965,,,,,,,,,,,,,,,,,,,,,,,,,,,
966,,,,,,,,,,,,,,,,,,,,,,,,,,,
967,,,,,,,,,,,,,,,,,,,,,,,,,,,
968,,,,,,,,,,,,,,,,,,,,,,,,,,,
969,,,,,,,,,,,,,,,,,,,,,,,,,,,
970,,,,,,,,,,,,,,,,,,,,,,,,,,,
971,,,,,,,,,,,,,,,,,,,,,,,,,,,
972,,,,,,,,,,,,,,,,,,,,,,,,,,,
973,,,,,,,,,,,,,,,,,,,,,,,,,,,
974,,,,,,,,,,,,,,,,,,,,,,,,,,,
975,,,,,,,,,,,,,,,,,,,,,,,,,,,
976,,,,,,,,,,,,,,,,,,,,,,,,,,,
977,,,,,,,,,,,,,,,,,,,,,,,,,,,
978,,,,,,,,,,,,,,,,,,,,,,,,,,,
979,,,,,,,,,,,,,,,,,,,,,,,,,,,
980,,,,,,,,,,,,,,,,,,,,,,,,,,,
981,,,,,,,,,,,,,,,,,,,,,,,,,,,
982,,,,,,,,,,,,,,,,,,,,,,,,,,,
983,,,,,,,,,,,,,,,,,,,,,,,,,,,
984,,,,,,,,,,,,,,,,,,,,,,,,,,,
985,,,,,,,,,,,,,,,,,,,,,,,,,,,
986,,,,,,,,,,,,,,,,,,,,,,,,,,,
987,,,,,,,,,,,,,,,,,,,,,,,,,,,
988,,,,,,,,,,,,,,,,,,,,,,,,,,,
989,,,,,,,,,,,,,,,,,,,,,,,,,,,
990,,,,,,,,,,,,,,,,,,,,,,,,,,,
991,,,,,,,,,,,,,,,,,,,,,,,,,,,
992,,,,,,,,,,,,,,,,,,,,,,,,,,,
993,,,,,,,,,,,,,,,,,,,,,,,,,,,
994,,,,,,,,,,,,,,,,,,,,,,,,,,,
995,,,,,,,,,,,,,,,,,,,,,,,,,,,
996,,,,,,,,,,,,,,,,,,,,,,,,,,,
997,,,,,,,,,,,,,,,,,,,,,,,,,,,
998,,,,,,,,,,,,,,,,,,,,,,,,,,,
999,,,,,,,,,,,,,,,,,,,,,,,,,,,
